file,line,type,commit,author,date,time,timezone,datetime,depth,length
style.css,1,css,dcd11d42,d25molina,2025-10-02,15:42:05,-07:00,2025-10-02T15:42:05-07:00,0,4
style.css,2,css,dcd11d42,d25molina,2025-10-02,15:42:05,-07:00,2025-10-02T15:42:05-07:00,1,43
style.css,3,css,dcd11d42,d25molina,2025-10-02,15:42:05,-07:00,2025-10-02T15:42:05-07:00,0,42
style.css,4,css,dcd11d42,d25molina,2025-10-02,15:42:05,-07:00,2025-10-02T15:42:05-07:00,0,0
style.css,5,css,dcd11d42,d25molina,2025-10-02,15:42:05,-07:00,2025-10-02T15:42:05-07:00,1,23
style.css,6,css,e8047bba,d25molina,2025-10-08,22:58:30,-07:00,2025-10-08T22:58:30-07:00,1,15
style.css,7,css,e8047bba,d25molina,2025-10-08,22:58:30,-07:00,2025-10-08T22:58:30-07:00,1,18
style.css,8,css,e8047bba,d25molina,2025-10-08,22:58:30,-07:00,2025-10-08T22:58:30-07:00,1,11
style.css,9,css,d7323b37,d25molina,2025-10-15,15:16:38,-07:00,2025-10-15T15:16:38-07:00,1,101
style.css,10,css,d7323b37,d25molina,2025-10-15,15:16:38,-07:00,2025-10-15T15:16:38-07:00,1,107
style.css,11,css,d7323b37,d25molina,2025-10-15,15:16:38,-07:00,2025-10-15T15:16:38-07:00,1,94
style.css,12,css,d7323b37,d25molina,2025-10-15,15:16:38,-07:00,2025-10-15T15:16:38-07:00,1,88
style.css,13,css,e8047bba,d25molina,2025-10-08,22:58:30,-07:00,2025-10-08T22:58:30-07:00,0,0
style.css,14,css,d7323b37,d25molina,2025-10-15,15:16:38,-07:00,2025-10-15T15:16:38-07:00,0,86
style.css,15,css,e8047bba,d25molina,2025-10-08,22:58:30,-07:00,2025-10-08T22:58:30-07:00,0,95
style.css,16,css,d7323b37,d25molina,2025-10-15,15:16:38,-07:00,2025-10-15T15:16:38-07:00,0,93
style.css,17,css,e8047bba,d25molina,2025-10-08,22:58:30,-07:00,2025-10-08T22:58:30-07:00,0,82
style.css,18,css,e8047bba,d25molina,2025-10-08,22:58:30,-07:00,2025-10-08T22:58:30-07:00,0,72
style.css,19,css,e8047bba,d25molina,2025-10-08,22:58:30,-07:00,2025-10-08T22:58:30-07:00,0,24
style.css,20,css,e8047bba,d25molina,2025-10-08,22:58:30,-07:00,2025-10-08T22:58:30-07:00,0,93
style.css,21,css,e8047bba,d25molina,2025-10-08,22:58:30,-07:00,2025-10-08T22:58:30-07:00,0,53
style.css,22,css,e8047bba,d25molina,2025-10-08,22:58:30,-07:00,2025-10-08T22:58:30-07:00,0,54
style.css,23,css,e8047bba,d25molina,2025-10-08,22:58:30,-07:00,2025-10-08T22:58:30-07:00,0,18
style.css,24,css,d7323b37,d25molina,2025-10-15,15:16:38,-07:00,2025-10-15T15:16:38-07:00,0,12
style.css,25,css,e61910bf,d25molina,2025-10-23,17:59:30,-07:00,2025-10-23T17:59:30-07:00,0,98
style.css,26,css,e61910bf,d25molina,2025-10-23,17:59:30,-07:00,2025-10-23T17:59:30-07:00,0,95
style.css,27,css,e61910bf,d25molina,2025-10-23,17:59:30,-07:00,2025-10-23T17:59:30-07:00,0,12
style.css,28,css,e61910bf,d25molina,2025-10-23,17:59:30,-07:00,2025-10-23T17:59:30-07:00,0,33
style.css,29,css,e61910bf,d25molina,2025-10-23,17:59:30,-07:00,2025-10-23T17:59:30-07:00,0,27
style.css,30,css,e61910bf,d25molina,2025-10-23,17:59:30,-07:00,2025-10-23T17:59:30-07:00,0,16
style.css,31,css,e61910bf,d25molina,2025-10-23,17:59:30,-07:00,2025-10-23T17:59:30-07:00,1,17
style.css,32,css,e61910bf,d25molina,2025-10-23,17:59:30,-07:00,2025-10-23T17:59:30-07:00,1,16
style.css,33,css,e61910bf,d25molina,2025-10-23,17:59:30,-07:00,2025-10-23T17:59:30-07:00,1,15
style.css,34,css,e61910bf,d25molina,2025-10-23,17:59:30,-07:00,2025-10-23T17:59:30-07:00,0,0
style.css,35,css,e61910bf,d25molina,2025-10-23,17:59:30,-07:00,2025-10-23T17:59:30-07:00,0,0
style.css,36,css,e61910bf,d25molina,2025-10-23,17:59:30,-07:00,2025-10-23T17:59:30-07:00,0,19
style.css,37,css,e61910bf,d25molina,2025-10-23,17:59:30,-07:00,2025-10-23T17:59:30-07:00,1,14
style.css,38,css,e61910bf,d25molina,2025-10-23,17:59:30,-07:00,2025-10-23T17:59:30-07:00,1,18
style.css,39,css,e61910bf,d25molina,2025-10-23,17:59:30,-07:00,2025-10-23T17:59:30-07:00,1,15
style.css,40,css,e61910bf,d25molina,2025-10-23,17:59:30,-07:00,2025-10-23T17:59:30-07:00,1,13
style.css,41,css,e61910bf,d25molina,2025-10-23,17:59:30,-07:00,2025-10-23T17:59:30-07:00,0,0
style.css,42,css,e61910bf,d25molina,2025-10-23,17:59:30,-07:00,2025-10-23T17:59:30-07:00,0,0
style.css,43,css,e61910bf,d25molina,2025-10-23,17:59:30,-07:00,2025-10-23T17:59:30-07:00,0,17
style.css,44,css,e61910bf,d25molina,2025-10-23,17:59:30,-07:00,2025-10-23T17:59:30-07:00,1,12
style.css,45,css,e61910bf,d25molina,2025-10-23,17:59:30,-07:00,2025-10-23T17:59:30-07:00,1,36
style.css,46,css,e61910bf,d25molina,2025-10-23,17:59:30,-07:00,2025-10-23T17:59:30-07:00,1,8
style.css,47,css,e61910bf,d25molina,2025-10-23,17:59:30,-07:00,2025-10-23T17:59:30-07:00,1,24
style.css,48,css,e61910bf,d25molina,2025-10-23,17:59:30,-07:00,2025-10-23T17:59:30-07:00,1,12
style.css,49,css,e61910bf,d25molina,2025-10-23,17:59:30,-07:00,2025-10-23T17:59:30-07:00,1,17
style.css,50,css,e61910bf,d25molina,2025-10-23,17:59:30,-07:00,2025-10-23T17:59:30-07:00,1,36
style.css,51,css,e61910bf,d25molina,2025-10-23,17:59:30,-07:00,2025-10-23T17:59:30-07:00,1,20
style.css,52,css,e61910bf,d25molina,2025-10-23,17:59:30,-07:00,2025-10-23T17:59:30-07:00,0,0
style.css,53,css,e61910bf,d25molina,2025-10-23,17:59:30,-07:00,2025-10-23T17:59:30-07:00,0,0
style.css,54,css,e61910bf,d25molina,2025-10-23,17:59:30,-07:00,2025-10-23T17:59:30-07:00,0,17
style.css,55,css,e61910bf,d25molina,2025-10-23,17:59:30,-07:00,2025-10-23T17:59:30-07:00,1,15
style.css,56,css,e61910bf,d25molina,2025-10-23,17:59:30,-07:00,2025-10-23T17:59:30-07:00,1,10
style.css,57,css,e61910bf,d25molina,2025-10-23,17:59:30,-07:00,2025-10-23T17:59:30-07:00,0,0
style.css,58,css,e61910bf,d25molina,2025-10-23,17:59:30,-07:00,2025-10-23T17:59:30-07:00,0,0
style.css,59,css,e61910bf,d25molina,2025-10-23,17:59:30,-07:00,2025-10-23T17:59:30-07:00,0,17
style.css,60,css,e61910bf,d25molina,2025-10-23,17:59:30,-07:00,2025-10-23T17:59:30-07:00,1,8
style.css,61,css,e61910bf,d25molina,2025-10-23,17:59:30,-07:00,2025-10-23T17:59:30-07:00,1,15
style.css,62,css,e61910bf,d25molina,2025-10-23,17:59:30,-07:00,2025-10-23T17:59:30-07:00,1,16
style.css,63,css,e61910bf,d25molina,2025-10-23,17:59:30,-07:00,2025-10-23T17:59:30-07:00,1,10
style.css,64,css,6c32bdc6,d25molina,2025-10-30,19:27:47,-07:00,2025-10-30T19:27:47-07:00,0,0
style.css,65,css,6c32bdc6,d25molina,2025-10-30,19:27:47,-07:00,2025-10-30T19:27:47-07:00,0,0
style.css,66,css,6c32bdc6,d25molina,2025-10-30,19:27:47,-07:00,2025-10-30T19:27:47-07:00,0,87
style.css,67,css,6c32bdc6,d25molina,2025-10-30,19:27:47,-07:00,2025-10-30T19:27:47-07:00,0,0
style.css,68,css,6c32bdc6,d25molina,2025-10-30,19:27:47,-07:00,2025-10-30T19:27:47-07:00,0,18
style.css,69,css,6c32bdc6,d25molina,2025-10-30,19:27:47,-07:00,2025-10-30T19:27:47-07:00,1,14
style.css,70,css,6c32bdc6,d25molina,2025-10-30,19:27:47,-07:00,2025-10-30T19:27:47-07:00,1,16
style.css,71,css,6c32bdc6,d25molina,2025-10-30,19:27:47,-07:00,2025-10-30T19:27:47-07:00,1,16
style.css,72,css,6c32bdc6,d25molina,2025-10-30,19:27:47,-07:00,2025-10-30T19:27:47-07:00,0,0
style.css,73,css,6c32bdc6,d25molina,2025-10-30,19:27:47,-07:00,2025-10-30T19:27:47-07:00,0,0
style.css,74,css,6c32bdc6,d25molina,2025-10-30,19:27:47,-07:00,2025-10-30T19:27:47-07:00,0,7
style.css,75,css,6c32bdc6,d25molina,2025-10-30,19:27:47,-07:00,2025-10-30T19:27:47-07:00,1,20
style.css,76,css,6c32bdc6,d25molina,2025-10-30,19:27:47,-07:00,2025-10-30T19:27:47-07:00,1,9
style.css,77,css,6c32bdc6,d25molina,2025-10-30,19:27:47,-07:00,2025-10-30T19:27:47-07:00,1,18
style.css,78,css,6c32bdc6,d25molina,2025-10-30,19:27:47,-07:00,2025-10-30T19:27:47-07:00,1,29
style.css,79,css,6c32bdc6,d25molina,2025-10-30,19:27:47,-07:00,2025-10-30T19:27:47-07:00,1,17
style.css,80,css,6c32bdc6,d25molina,2025-10-30,19:27:47,-07:00,2025-10-30T19:27:47-07:00,1,18
style.css,81,css,6c32bdc6,d25molina,2025-10-30,19:27:47,-07:00,2025-10-30T19:27:47-07:00,1,21
style.css,82,css,6c32bdc6,d25molina,2025-10-30,19:27:47,-07:00,2025-10-30T19:27:47-07:00,1,18
style.css,83,css,6c32bdc6,d25molina,2025-10-30,19:27:47,-07:00,2025-10-30T19:27:47-07:00,0,0
style.css,84,css,6c32bdc6,d25molina,2025-10-30,19:27:47,-07:00,2025-10-30T19:27:47-07:00,0,0
style.css,85,css,6c32bdc6,d25molina,2025-10-30,19:27:47,-07:00,2025-10-30T19:27:47-07:00,0,7
style.css,86,css,6c32bdc6,d25molina,2025-10-30,19:27:47,-07:00,2025-10-30T19:27:47-07:00,1,12
style.css,87,css,6c32bdc6,d25molina,2025-10-30,19:27:47,-07:00,2025-10-30T19:27:47-07:00,1,57
style.css,88,css,6c32bdc6,d25molina,2025-10-30,19:27:47,-07:00,2025-10-30T19:27:47-07:00,1,9
style.css,89,css,6c32bdc6,d25molina,2025-10-30,19:27:47,-07:00,2025-10-30T19:27:47-07:00,1,15
style.css,90,css,6c32bdc6,d25molina,2025-10-30,19:27:47,-07:00,2025-10-30T19:27:47-07:00,1,11
style.css,91,css,6c32bdc6,d25molina,2025-10-30,19:27:47,-07:00,2025-10-30T19:27:47-07:00,1,10
style.css,92,css,6c32bdc6,d25molina,2025-10-30,19:27:47,-07:00,2025-10-30T19:27:47-07:00,1,21
style.css,93,css,6c32bdc6,d25molina,2025-10-30,19:27:47,-07:00,2025-10-30T19:27:47-07:00,1,6
style.css,94,css,6c32bdc6,d25molina,2025-10-30,19:27:47,-07:00,2025-10-30T19:27:47-07:00,0,0
style.css,95,css,6c32bdc6,d25molina,2025-10-30,19:27:47,-07:00,2025-10-30T19:27:47-07:00,0,0
style.css,96,css,6c32bdc6,d25molina,2025-10-30,19:27:47,-07:00,2025-10-30T19:27:47-07:00,0,12
style.css,97,css,6c32bdc6,d25molina,2025-10-30,19:27:47,-07:00,2025-10-30T19:27:47-07:00,1,12
style.css,98,css,6c32bdc6,d25molina,2025-10-30,19:27:47,-07:00,2025-10-30T19:27:47-07:00,1,18
style.css,99,css,6c32bdc6,d25molina,2025-10-30,19:27:47,-07:00,2025-10-30T19:27:47-07:00,1,9
style.css,100,css,6c32bdc6,d25molina,2025-10-30,19:27:47,-07:00,2025-10-30T19:27:47-07:00,1,22
style.css,101,css,6c32bdc6,d25molina,2025-10-30,19:27:47,-07:00,2025-10-30T19:27:47-07:00,0,0
style.css,102,css,6c32bdc6,d25molina,2025-10-30,19:27:47,-07:00,2025-10-30T19:27:47-07:00,0,0
style.css,103,css,6c32bdc6,d25molina,2025-10-30,19:27:47,-07:00,2025-10-30T19:27:47-07:00,0,10
style.css,104,css,6c32bdc6,d25molina,2025-10-30,19:27:47,-07:00,2025-10-30T19:27:47-07:00,1,12
style.css,105,css,6c32bdc6,d25molina,2025-10-30,19:27:47,-07:00,2025-10-30T19:27:47-07:00,1,18
style.css,106,css,6c32bdc6,d25molina,2025-10-30,19:27:47,-07:00,2025-10-30T19:27:47-07:00,1,7
style.css,107,css,6c32bdc6,d25molina,2025-10-30,19:27:47,-07:00,2025-10-30T19:27:47-07:00,0,0
style.css,108,css,6c32bdc6,d25molina,2025-10-30,19:27:47,-07:00,2025-10-30T19:27:47-07:00,0,0
style.css,109,css,6c32bdc6,d25molina,2025-10-30,19:27:47,-07:00,2025-10-30T19:27:47-07:00,0,17
style.css,110,css,6c32bdc6,d25molina,2025-10-30,19:27:47,-07:00,2025-10-30T19:27:47-07:00,1,16
style.css,111,css,6c32bdc6,d25molina,2025-10-30,19:27:47,-07:00,2025-10-30T19:27:47-07:00,2,11
style.css,112,css,6c32bdc6,d25molina,2025-10-30,19:27:47,-07:00,2025-10-30T19:27:47-07:00,1,0
style.css,113,css,6c32bdc6,d25molina,2025-10-30,19:27:47,-07:00,2025-10-30T19:27:47-07:00,0,0
style.css,114,css,6c32bdc6,d25molina,2025-10-30,19:27:47,-07:00,2025-10-30T19:27:47-07:00,0,0
style.css,115,css,6c32bdc6,d25molina,2025-10-30,19:27:47,-07:00,2025-10-30T19:27:47-07:00,0,4
style.css,116,css,6c32bdc6,d25molina,2025-10-30,19:27:47,-07:00,2025-10-30T19:27:47-07:00,1,16
style.css,117,css,6c32bdc6,d25molina,2025-10-30,19:27:47,-07:00,2025-10-30T19:27:47-07:00,1,14
style.css,118,css,6c32bdc6,d25molina,2025-10-30,19:27:47,-07:00,2025-10-30T19:27:47-07:00,0,0
style.css,119,css,6c32bdc6,d25molina,2025-10-30,19:27:47,-07:00,2025-10-30T19:27:47-07:00,0,0
style.css,120,css,6c32bdc6,d25molina,2025-10-30,19:27:47,-07:00,2025-10-30T19:27:47-07:00,0,9
style.css,121,css,6c32bdc6,d25molina,2025-10-30,19:27:47,-07:00,2025-10-30T19:27:47-07:00,1,49
style.css,122,css,6c32bdc6,d25molina,2025-10-30,19:27:47,-07:00,2025-10-30T19:27:47-07:00,0,0
style.css,123,css,6c32bdc6,d25molina,2025-10-30,19:27:47,-07:00,2025-10-30T19:27:47-07:00,1,10
style.css,124,css,6c32bdc6,d25molina,2025-10-30,19:27:47,-07:00,2025-10-30T19:27:47-07:00,2,17
style.css,125,css,6c32bdc6,d25molina,2025-10-30,19:27:47,-07:00,2025-10-30T19:27:47-07:00,1,0
style.css,126,css,6c32bdc6,d25molina,2025-10-30,19:27:47,-07:00,2025-10-30T19:27:47-07:00,0,0
style.css,127,css,6c32bdc6,d25molina,2025-10-30,19:27:47,-07:00,2025-10-30T19:27:47-07:00,0,0
style.css,128,css,6c32bdc6,d25molina,2025-10-30,19:27:47,-07:00,2025-10-30T19:27:47-07:00,0,13
style.css,129,css,6c32bdc6,d25molina,2025-10-30,19:27:47,-07:00,2025-10-30T19:27:47-07:00,1,12
style.css,130,css,6c32bdc6,d25molina,2025-10-30,19:27:47,-07:00,2025-10-30T19:27:47-07:00,1,16
style.css,131,css,6c32bdc6,d25molina,2025-10-30,19:27:47,-07:00,2025-10-30T19:27:47-07:00,1,11
style.css,132,css,6c32bdc6,d25molina,2025-10-30,19:27:47,-07:00,2025-10-30T19:27:47-07:00,0,0
style.css,133,css,6c32bdc6,d25molina,2025-10-30,19:27:47,-07:00,2025-10-30T19:27:47-07:00,0,0
style.css,134,css,6c32bdc6,d25molina,2025-10-30,19:27:47,-07:00,2025-10-30T19:27:47-07:00,0,21
style.css,135,css,6c32bdc6,d25molina,2025-10-30,19:27:47,-07:00,2025-10-30T19:27:47-07:00,1,16
style.css,136,css,6c32bdc6,d25molina,2025-10-30,19:27:47,-07:00,2025-10-30T19:27:47-07:00,1,25
style.css,137,css,00000000,Not Committed Yet,2025-11-05,14:39:23,-08:00,2025-11-05T14:39:23-08:00,0,0
style.css,138,css,00000000,Not Committed Yet,2025-11-05,14:39:23,-08:00,2025-11-05T14:39:23-08:00,0,0
style.css,139,css,00000000,Not Committed Yet,2025-11-05,14:39:23,-08:00,2025-11-05T14:39:23-08:00,0,28
style.css,140,css,00000000,Not Committed Yet,2025-11-05,14:39:23,-08:00,2025-11-05T14:39:23-08:00,0,9
style.css,141,css,00000000,Not Committed Yet,2025-11-05,14:39:23,-08:00,2025-11-05T14:39:23-08:00,1,12
style.css,142,css,00000000,Not Committed Yet,2025-11-05,14:39:23,-08:00,2025-11-05T14:39:23-08:00,1,81
style.css,143,css,00000000,Not Committed Yet,2025-11-05,14:39:23,-08:00,2025-11-05T14:39:23-08:00,1,8
style.css,144,css,00000000,Not Committed Yet,2025-11-05,14:39:23,-08:00,2025-11-05T14:39:23-08:00,1,24
style.css,145,css,00000000,Not Committed Yet,2025-11-05,14:39:23,-08:00,2025-11-05T14:39:23-08:00,1,12
style.css,146,css,00000000,Not Committed Yet,2025-11-05,14:39:23,-08:00,2025-11-05T14:39:23-08:00,1,17
style.css,147,css,00000000,Not Committed Yet,2025-11-05,14:39:23,-08:00,2025-11-05T14:39:23-08:00,1,39
style.css,148,css,00000000,Not Committed Yet,2025-11-05,14:39:23,-08:00,2025-11-05T14:39:23-08:00,1,20
style.css,149,css,00000000,Not Committed Yet,2025-11-05,14:39:23,-08:00,2025-11-05T14:39:23-08:00,0,0
style.css,150,css,00000000,Not Committed Yet,2025-11-05,14:39:23,-08:00,2025-11-05T14:39:23-08:00,0,0
style.css,151,css,00000000,Not Committed Yet,2025-11-05,14:39:23,-08:00,2025-11-05T14:39:23-08:00,0,36
style.css,152,css,00000000,Not Committed Yet,2025-11-05,14:39:23,-08:00,2025-11-05T14:39:23-08:00,0,9
style.css,153,css,00000000,Not Committed Yet,2025-11-05,14:39:23,-08:00,2025-11-05T14:39:23-08:00,1,15
style.css,154,css,00000000,Not Committed Yet,2025-11-05,14:39:23,-08:00,2025-11-05T14:39:23-08:00,1,10
style.css,155,css,00000000,Not Committed Yet,2025-11-05,14:39:23,-08:00,2025-11-05T14:39:23-08:00,0,0
style.css,156,css,00000000,Not Committed Yet,2025-11-05,14:39:23,-08:00,2025-11-05T14:39:23-08:00,0,0
style.css,157,css,00000000,Not Committed Yet,2025-11-05,14:39:23,-08:00,2025-11-05T14:39:23-08:00,0,43
style.css,158,css,00000000,Not Committed Yet,2025-11-05,14:39:23,-08:00,2025-11-05T14:39:23-08:00,0,9
style.css,159,css,00000000,Not Committed Yet,2025-11-05,14:39:23,-08:00,2025-11-05T14:39:23-08:00,1,8
style.css,160,css,00000000,Not Committed Yet,2025-11-05,14:39:23,-08:00,2025-11-05T14:39:23-08:00,1,15
style.css,161,css,00000000,Not Committed Yet,2025-11-05,14:39:23,-08:00,2025-11-05T14:39:23-08:00,1,16
style.css,162,css,00000000,Not Committed Yet,2025-11-05,14:39:23,-08:00,2025-11-05T14:39:23-08:00,1,10
style.css,163,css,00000000,Not Committed Yet,2025-11-05,14:39:23,-08:00,2025-11-05T14:39:23-08:00,0,0
style.css,164,css,00000000,Not Committed Yet,2025-11-05,14:39:23,-08:00,2025-11-05T14:39:23-08:00,0,0
style.css,165,css,00000000,Not Committed Yet,2025-11-05,14:39:23,-08:00,2025-11-05T14:39:23-08:00,0,15
style.css,166,css,00000000,Not Committed Yet,2025-11-05,14:39:23,-08:00,2025-11-05T14:39:23-08:00,1,11
style.css,167,css,00000000,Not Committed Yet,2025-11-05,14:39:23,-08:00,2025-11-05T14:39:23-08:00,1,18
style.css,168,css,00000000,Not Committed Yet,2025-11-05,14:39:23,-08:00,2025-11-05T14:39:23-08:00,1,26
style.css,169,css,00000000,Not Committed Yet,2025-11-05,14:39:23,-08:00,2025-11-05T14:39:23-08:00,0,0
style.css,170,css,00000000,Not Committed Yet,2025-11-05,14:39:23,-08:00,2025-11-05T14:39:23-08:00,0,0
style.css,171,css,00000000,Not Committed Yet,2025-11-05,14:39:23,-08:00,2025-11-05T14:39:23-08:00,0,7
style.css,172,css,00000000,Not Committed Yet,2025-11-05,14:39:23,-08:00,2025-11-05T14:39:23-08:00,1,12
style.css,173,css,00000000,Not Committed Yet,2025-11-05,14:39:23,-08:00,2025-11-05T14:39:23-08:00,1,30
style.css,174,css,00000000,Not Committed Yet,2025-11-05,14:39:23,-08:00,2025-11-05T14:39:23-08:00,1,14
style.css,175,css,00000000,Not Committed Yet,2025-11-05,14:39:23,-08:00,2025-11-05T14:39:23-08:00,1,8
style.css,176,css,00000000,Not Committed Yet,2025-11-05,14:39:23,-08:00,2025-11-05T14:39:23-08:00,1,17
style.css,177,css,00000000,Not Committed Yet,2025-11-05,14:39:23,-08:00,2025-11-05T14:39:23-08:00,0,0
style.css,178,css,00000000,Not Committed Yet,2025-11-05,14:39:23,-08:00,2025-11-05T14:39:23-08:00,0,0
style.css,179,css,00000000,Not Committed Yet,2025-11-05,14:39:23,-08:00,2025-11-05T14:39:23-08:00,0,10
style.css,180,css,00000000,Not Committed Yet,2025-11-05,14:39:23,-08:00,2025-11-05T14:39:23-08:00,1,15
style.css,181,css,00000000,Not Committed Yet,2025-11-05,14:39:23,-08:00,2025-11-05T14:39:23-08:00,1,10
style.css,182,css,00000000,Not Committed Yet,2025-11-05,14:39:23,-08:00,2025-11-05T14:39:23-08:00,1,8
style.css,183,css,00000000,Not Committed Yet,2025-11-05,14:39:23,-08:00,2025-11-05T14:39:23-08:00,0,0
style.css,184,css,00000000,Not Committed Yet,2025-11-05,14:39:23,-08:00,2025-11-05T14:39:23-08:00,0,0
style.css,185,css,00000000,Not Committed Yet,2025-11-05,14:39:23,-08:00,2025-11-05T14:39:23-08:00,0,10
style.css,186,css,00000000,Not Committed Yet,2025-11-05,14:39:23,-08:00,2025-11-05T14:39:23-08:00,1,8
style.css,187,css,00000000,Not Committed Yet,2025-11-05,14:39:23,-08:00,2025-11-05T14:39:23-08:00,1,15
style.css,188,css,00000000,Not Committed Yet,2025-11-05,14:39:23,-08:00,2025-11-05T14:39:23-08:00,1,10
style.css,189,css,00000000,Not Committed Yet,2025-11-05,14:39:23,-08:00,2025-11-05T14:39:23-08:00,0,0
style.css,190,css,00000000,Not Committed Yet,2025-11-05,14:39:23,-08:00,2025-11-05T14:39:23-08:00,0,0
style.css,191,css,00000000,Not Committed Yet,2025-11-05,14:39:23,-08:00,2025-11-05T14:39:23-08:00,0,8
style.css,192,css,00000000,Not Committed Yet,2025-11-05,14:39:23,-08:00,2025-11-05T14:39:23-08:00,1,14
style.css,193,css,00000000,Not Committed Yet,2025-11-05,14:39:23,-08:00,2025-11-05T14:39:23-08:00,1,7
style.css,194,css,00000000,Not Committed Yet,2025-11-05,14:39:23,-08:00,2025-11-05T14:39:23-08:00,1,8
style.css,195,css,00000000,Not Committed Yet,2025-11-05,14:39:23,-08:00,2025-11-05T14:39:23-08:00,1,25
style.css,196,css,00000000,Not Committed Yet,2025-11-05,14:39:23,-08:00,2025-11-05T14:39:23-08:00,1,41
style.css,197,css,00000000,Not Committed Yet,2025-11-05,14:39:23,-08:00,2025-11-05T14:39:23-08:00,1,17
style.css,198,css,00000000,Not Committed Yet,2025-11-05,14:39:23,-08:00,2025-11-05T14:39:23-08:00,1,11
style.css,199,css,00000000,Not Committed Yet,2025-11-05,14:39:23,-08:00,2025-11-05T14:39:23-08:00,1,36
style.css,200,css,00000000,Not Committed Yet,2025-11-05,14:39:23,-08:00,2025-11-05T14:39:23-08:00,0,0
style.css,201,css,00000000,Not Committed Yet,2025-11-05,14:39:23,-08:00,2025-11-05T14:39:23-08:00,0,0
style.css,202,css,00000000,Not Committed Yet,2025-11-05,14:39:23,-08:00,2025-11-05T14:39:23-08:00,0,6
style.css,203,css,00000000,Not Committed Yet,2025-11-05,14:39:23,-08:00,2025-11-05T14:39:23-08:00,1,16
style.css,204,css,00000000,Not Committed Yet,2025-11-05,14:39:23,-08:00,2025-11-05T14:39:23-08:00,1,23
style.css,205,css,00000000,Not Committed Yet,2025-11-05,14:39:23,-08:00,2025-11-05T14:39:23-08:00,1,22
style.css,206,css,00000000,Not Committed Yet,2025-11-05,14:39:23,-08:00,2025-11-05T14:39:23-08:00,0,0
style.css,207,css,00000000,Not Committed Yet,2025-11-05,14:39:23,-08:00,2025-11-05T14:39:23-08:00,0,0
style.css,208,css,00000000,Not Committed Yet,2025-11-05,14:39:23,-08:00,2025-11-05T14:39:23-08:00,0,12
style.css,209,css,00000000,Not Committed Yet,2025-11-05,14:39:23,-08:00,2025-11-05T14:39:23-08:00,1,20
style.css,210,css,00000000,Not Committed Yet,2025-11-05,14:39:23,-08:00,2025-11-05T14:39:23-08:00,0,0
style.css,211,css,00000000,Not Committed Yet,2025-11-05,14:39:23,-08:00,2025-11-05T14:39:23-08:00,0,0
style.css,212,css,00000000,Not Committed Yet,2025-11-05,14:39:23,-08:00,2025-11-05T14:39:23-08:00,0,7
style.css,213,css,00000000,Not Committed Yet,2025-11-05,14:39:23,-08:00,2025-11-05T14:39:23-08:00,1,24
style.css,214,css,00000000,Not Committed Yet,2025-11-05,14:39:23,-08:00,2025-11-05T14:39:23-08:00,1,25
style.css,215,css,00000000,Not Committed Yet,2025-11-05,14:39:23,-08:00,2025-11-05T14:39:23-08:00,1,39
style.css,216,css,00000000,Not Committed Yet,2025-11-05,14:39:23,-08:00,2025-11-05T14:39:23-08:00,0,0
style.css,217,css,00000000,Not Committed Yet,2025-11-05,14:39:23,-08:00,2025-11-05T14:39:23-08:00,0,0
style.css,218,css,00000000,Not Committed Yet,2025-11-05,14:39:23,-08:00,2025-11-05T14:39:23-08:00,0,42
style.css,219,css,00000000,Not Committed Yet,2025-11-05,14:39:23,-08:00,2025-11-05T14:39:23-08:00,1,9
style.css,220,css,00000000,Not Committed Yet,2025-11-05,14:39:23,-08:00,2025-11-05T14:39:23-08:00,1,17
style.css,221,css,00000000,Not Committed Yet,2025-11-05,14:39:23,-08:00,2025-11-05T14:39:23-08:00,0,0
style.css,222,css,00000000,Not Committed Yet,2025-11-05,14:39:23,-08:00,2025-11-05T14:39:23-08:00,0,0
style.css,223,css,00000000,Not Committed Yet,2025-11-05,14:39:23,-08:00,2025-11-05T14:39:23-08:00,0,15
style.css,224,css,00000000,Not Committed Yet,2025-11-05,14:39:23,-08:00,2025-11-05T14:39:23-08:00,1,12
style.css,225,css,00000000,Not Committed Yet,2025-11-05,14:39:23,-08:00,2025-11-05T14:39:23-08:00,0,0
style.css,226,css,00000000,Not Committed Yet,2025-11-05,14:39:23,-08:00,2025-11-05T14:39:23-08:00,0,0
style.css,227,css,00000000,Not Committed Yet,2025-11-05,14:39:23,-08:00,2025-11-05T14:39:23-08:00,0,19
style.css,228,css,00000000,Not Committed Yet,2025-11-05,14:39:23,-08:00,2025-11-05T14:39:23-08:00,1,12
style.css,229,css,00000000,Not Committed Yet,2025-11-05,14:39:23,-08:00,2025-11-05T14:39:23-08:00,1,36
style.css,230,css,00000000,Not Committed Yet,2025-11-05,14:39:23,-08:00,2025-11-05T14:39:23-08:00,1,11
style.css,231,css,00000000,Not Committed Yet,2025-11-05,14:39:23,-08:00,2025-11-05T14:39:23-08:00,1,17
style.css,232,css,00000000,Not Committed Yet,2025-11-05,14:39:23,-08:00,2025-11-05T14:39:23-08:00,0,0
style.css,233,css,00000000,Not Committed Yet,2025-11-05,14:39:23,-08:00,2025-11-05T14:39:23-08:00,0,0
style.css,234,css,00000000,Not Committed Yet,2025-11-05,14:39:23,-08:00,2025-11-05T14:39:23-08:00,0,22
style.css,235,css,00000000,Not Committed Yet,2025-11-05,14:39:23,-08:00,2025-11-05T14:39:23-08:00,1,16
style.css,236,css,00000000,Not Committed Yet,2025-11-05,14:39:23,-08:00,2025-11-05T14:39:23-08:00,1,16
style.css,237,css,00000000,Not Committed Yet,2025-11-05,14:39:23,-08:00,2025-11-05T14:39:23-08:00,1,24
style.css,238,css,00000000,Not Committed Yet,2025-11-05,14:39:23,-08:00,2025-11-05T14:39:23-08:00,1,8
style.css,239,css,00000000,Not Committed Yet,2025-11-05,14:39:23,-08:00,2025-11-05T14:39:23-08:00,0,0
style.css,240,css,00000000,Not Committed Yet,2025-11-05,14:39:23,-08:00,2025-11-05T14:39:23-08:00,0,0
style.css,241,css,00000000,Not Committed Yet,2025-11-05,14:39:23,-08:00,2025-11-05T14:39:23-08:00,0,22
style.css,242,css,00000000,Not Committed Yet,2025-11-05,14:39:23,-08:00,2025-11-05T14:39:23-08:00,1,8
style.css,243,css,00000000,Not Committed Yet,2025-11-05,14:39:23,-08:00,2025-11-05T14:39:23-08:00,1,17
style.css,244,css,00000000,Not Committed Yet,2025-11-05,14:39:23,-08:00,2025-11-05T14:39:23-08:00,1,21
style.css,245,css,e61910bf,d25molina,2025-10-23,17:59:30,-07:00,2025-10-23T17:59:30-07:00,0,0
index.js,1,js,e61910bf,d25molina,2025-10-23,17:59:30,-07:00,2025-10-23T17:59:30-07:00,0,71
index.js,2,js,473c30af,d25molina,2025-10-23,18:32:35,-07:00,2025-10-23T18:32:35-07:00,0,54
index.js,3,js,e61910bf,d25molina,2025-10-23,17:59:30,-07:00,2025-10-23T17:59:30-07:00,0,42
index.js,4,js,e61910bf,d25molina,2025-10-23,17:59:30,-07:00,2025-10-23T17:59:30-07:00,0,60
index.js,5,js,e61910bf,d25molina,2025-10-23,17:59:30,-07:00,2025-10-23T17:59:30-07:00,0,54
index.js,6,js,e61910bf,d25molina,2025-10-23,17:59:30,-07:00,2025-10-23T17:59:30-07:00,0,52
index.js,7,js,e61910bf,d25molina,2025-10-23,17:59:30,-07:00,2025-10-23T17:59:30-07:00,0,60
index.js,8,js,e61910bf,d25molina,2025-10-23,17:59:30,-07:00,2025-10-23T17:59:30-07:00,0,17
index.js,9,js,e61910bf,d25molina,2025-10-23,17:59:30,-07:00,2025-10-23T17:59:30-07:00,1,24
index.js,10,js,e61910bf,d25molina,2025-10-23,17:59:30,-07:00,2025-10-23T17:59:30-07:00,4,2
index.js,11,js,e61910bf,d25molina,2025-10-23,17:59:30,-07:00,2025-10-23T17:59:30-07:00,5,55
index.js,12,js,e61910bf,d25molina,2025-10-23,17:59:30,-07:00,2025-10-23T17:59:30-07:00,5,55
index.js,13,js,e61910bf,d25molina,2025-10-23,17:59:30,-07:00,2025-10-23T17:59:30-07:00,5,49
index.js,14,js,e61910bf,d25molina,2025-10-23,17:59:30,-07:00,2025-10-23T17:59:30-07:00,5,49
index.js,15,js,e61910bf,d25molina,2025-10-23,17:59:30,-07:00,2025-10-23T17:59:30-07:00,4,3
index.js,16,js,e61910bf,d25molina,2025-10-23,17:59:30,-07:00,2025-10-23T17:59:30-07:00,2,0
index.js,17,js,e61910bf,d25molina,2025-10-23,17:59:30,-07:00,2025-10-23T17:59:30-07:00,0,0
index.html,1,html,e34a4417,d25molina,2025-10-02,14:25:36,-07:00,2025-10-02T14:25:36-07:00,0,13
index.html,2,html,e34a4417,d25molina,2025-10-02,14:25:36,-07:00,2025-10-02T14:25:36-07:00,0,14
index.html,3,html,e34a4417,d25molina,2025-10-02,14:25:36,-07:00,2025-10-02T14:25:36-07:00,0,4
index.html,4,html,e34a4417,d25molina,2025-10-02,14:25:36,-07:00,2025-10-02T14:25:36-07:00,2,20
index.html,5,html,e34a4417,d25molina,2025-10-02,14:25:36,-07:00,2025-10-02T14:25:36-07:00,2,68
index.html,6,html,dcd11d42,d25molina,2025-10-02,15:42:05,-07:00,2025-10-02T15:42:05-07:00,2,54
index.html,7,html,dcd11d42,d25molina,2025-10-02,15:42:05,-07:00,2025-10-02T15:42:05-07:00,2,40
index.html,8,html,e8047bba,d25molina,2025-10-08,22:58:30,-07:00,2025-10-08T22:58:30-07:00,0,5
index.html,9,html,e34a4417,d25molina,2025-10-02,14:25:36,-07:00,2025-10-02T14:25:36-07:00,0,4
index.html,10,html,e8047bba,d25molina,2025-10-08,22:58:30,-07:00,2025-10-08T22:58:30-07:00,0,19
index.html,11,html,e8047bba,d25molina,2025-10-08,22:58:30,-07:00,2025-10-08T22:58:30-07:00,2,111
index.html,12,html,e8047bba,d25molina,2025-10-08,22:58:30,-07:00,2025-10-08T22:58:30-07:00,3,119
index.html,13,html,e8047bba,d25molina,2025-10-08,22:58:30,-07:00,2025-10-08T22:58:30-07:00,3,121
index.html,14,html,e8047bba,d25molina,2025-10-08,22:58:30,-07:00,2025-10-08T22:58:30-07:00,3,85
index.html,15,html,e8047bba,d25molina,2025-10-08,22:58:30,-07:00,2025-10-08T22:58:30-07:00,2,2
index.html,16,html,e8047bba,d25molina,2025-10-08,22:58:30,-07:00,2025-10-08T22:58:30-07:00,2,117
index.html,17,html,e61910bf,d25molina,2025-10-23,17:59:30,-07:00,2025-10-23T17:59:30-07:00,2,22
index.html,18,html,e61910bf,d25molina,2025-10-23,17:59:30,-07:00,2025-10-23T17:59:30-07:00,2,20
index.html,19,html,e61910bf,d25molina,2025-10-23,17:59:30,-07:00,2025-10-23T17:59:30-07:00,1,49
index.html,20,html,e61910bf,d25molina,2025-10-23,17:59:30,-07:00,2025-10-23T17:59:30-07:00,2,4
index.html,21,html,e61910bf,d25molina,2025-10-23,17:59:30,-07:00,2025-10-23T17:59:30-07:00,2,28
index.html,22,html,e61910bf,d25molina,2025-10-23,17:59:30,-07:00,2025-10-23T17:59:30-07:00,2,22
index.html,23,html,e61910bf,d25molina,2025-10-23,17:59:30,-07:00,2025-10-23T17:59:30-07:00,2,45
index.html,24,html,e61910bf,d25molina,2025-10-23,17:59:30,-07:00,2025-10-23T17:59:30-07:00,2,8
index.html,25,html,3c68c98c,d25molina,2025-10-15,16:22:23,-07:00,2025-10-15T16:22:23-07:00,2,51
index.html,26,html,e61910bf,d25molina,2025-10-23,17:59:30,-07:00,2025-10-23T17:59:30-07:00,2,50
index.html,27,html,e34a4417,d25molina,2025-10-02,14:25:36,-07:00,2025-10-02T14:25:36-07:00,0,5
index.html,28,html,e34a4417,d25molina,2025-10-02,14:25:36,-07:00,2025-10-02T14:25:36-07:00,0,5
global.js,1,js,d7323b37,d25molina,2025-10-15,15:16:38,-07:00,2025-10-15T15:16:38-07:00,0,25
global.js,2,js,d7323b37,d25molina,2025-10-15,15:16:38,-07:00,2025-10-15T15:16:38-07:00,0,0
global.js,3,js,d7323b37,d25molina,2025-10-15,15:16:38,-07:00,2025-10-15T15:16:38-07:00,0,41
global.js,4,js,d7323b37,d25molina,2025-10-15,15:16:38,-07:00,2025-10-15T15:16:38-07:00,1,53
global.js,5,js,d5e447da,d25molina,2025-10-15,19:26:08,-07:00,2025-10-15T19:26:08-07:00,0,0
global.js,6,js,d5e447da,d25molina,2025-10-15,19:26:08,-07:00,2025-10-15T19:26:08-07:00,0,15
global.js,7,js,d5e447da,d25molina,2025-10-15,19:26:08,-07:00,2025-10-15T19:26:08-07:00,1,68
global.js,8,js,d5e447da,d25molina,2025-10-15,19:26:08,-07:00,2025-10-15T19:26:08-07:00,2,3
global.js,9,js,d5e447da,d25molina,2025-10-15,19:26:08,-07:00,2025-10-15T19:26:08-07:00,2,14
global.js,10,js,d5e447da,d25molina,2025-10-15,19:26:08,-07:00,2025-10-15T19:26:08-07:00,0,0
global.js,11,js,d7323b37,d25molina,2025-10-15,15:16:38,-07:00,2025-10-15T15:16:38-07:00,0,11
global.js,12,js,a1a73ed3,d25molina,2025-10-15,18:56:33,-07:00,2025-10-15T18:56:33-07:00,1,25
global.js,13,js,a1a73ed3,d25molina,2025-10-15,18:56:33,-07:00,2025-10-15T18:56:33-07:00,1,41
global.js,14,js,00000000,Not Committed Yet,2025-11-05,14:39:24,-08:00,2025-11-05T14:39:24-08:00,1,30
global.js,15,js,a1a73ed3,d25molina,2025-10-15,18:56:33,-07:00,2025-10-15T18:56:33-07:00,1,36
global.js,16,js,a1a73ed3,d25molina,2025-10-15,18:56:33,-07:00,2025-10-15T18:56:33-07:00,1,37
global.js,17,js,d7323b37,d25molina,2025-10-15,15:16:38,-07:00,2025-10-15T15:16:38-07:00,1,65
global.js,18,js,d7323b37,d25molina,2025-10-15,15:16:38,-07:00,2025-10-15T15:16:38-07:00,0,0
global.js,19,js,d5e447da,d25molina,2025-10-15,19:26:08,-07:00,2025-10-15T19:26:08-07:00,0,0
global.js,20,js,d7323b37,d25molina,2025-10-15,15:16:38,-07:00,2025-10-15T15:16:38-07:00,0,31
global.js,21,js,d7323b37,d25molina,2025-10-15,15:16:38,-07:00,2025-10-15T15:16:38-07:00,1,11
global.js,22,js,d7323b37,d25molina,2025-10-15,15:16:38,-07:00,2025-10-15T15:16:38-07:00,1,0
global.js,23,js,d7323b37,d25molina,2025-10-15,15:16:38,-07:00,2025-10-15T15:16:38-07:00,0,26
global.js,24,js,d7323b37,d25molina,2025-10-15,15:16:38,-07:00,2025-10-15T15:16:38-07:00,0,4
global.js,25,js,3643118b,d25molina,2025-10-15,20:59:47,-07:00,2025-10-15T20:59:47-07:00,0,6
global.js,26,js,d7323b37,d25molina,2025-10-15,15:16:38,-07:00,2025-10-15T15:16:38-07:00,4,43
global.js,27,js,d7323b37,d25molina,2025-10-15,15:16:38,-07:00,2025-10-15T15:16:38-07:00,4,34
global.js,28,js,d7323b37,d25molina,2025-10-15,15:16:38,-07:00,2025-10-15T15:16:38-07:00,4,32
global.js,29,js,d7323b37,d25molina,2025-10-15,15:16:38,-07:00,2025-10-15T15:16:38-07:00,0,7
global.js,30,js,d7323b37,d25molina,2025-10-15,15:16:38,-07:00,2025-10-15T15:16:38-07:00,0,8
global.js,31,js,3643118b,d25molina,2025-10-15,20:59:47,-07:00,2025-10-15T20:59:47-07:00,0,0
global.js,32,js,3643118b,d25molina,2025-10-15,20:59:47,-07:00,2025-10-15T20:59:47-07:00,0,0
global.js,33,js,3643118b,d25molina,2025-10-15,20:59:47,-07:00,2025-10-15T20:59:47-07:00,0,65
global.js,34,js,d7323b37,d25molina,2025-10-15,15:16:38,-07:00,2025-10-15T15:16:38-07:00,0,29
global.js,35,js,d7323b37,d25molina,2025-10-15,15:16:38,-07:00,2025-10-15T15:16:38-07:00,1,68
global.js,36,js,d7323b37,d25molina,2025-10-15,15:16:38,-07:00,2025-10-15T15:16:38-07:00,1,38
global.js,37,js,d7323b37,d25molina,2025-10-15,15:16:38,-07:00,2025-10-15T15:16:38-07:00,0,0
global.js,38,js,d7323b37,d25molina,2025-10-15,15:16:38,-07:00,2025-10-15T15:16:38-07:00,0,49
global.js,39,js,d7323b37,d25molina,2025-10-15,15:16:38,-07:00,2025-10-15T15:16:38-07:00,1,77
global.js,40,js,3643118b,d25molina,2025-10-15,20:59:47,-07:00,2025-10-15T20:59:47-07:00,1,44
global.js,41,js,d7323b37,d25molina,2025-10-15,15:16:38,-07:00,2025-10-15T15:16:38-07:00,0,1
global.js,42,js,d7323b37,d25molina,2025-10-15,15:16:38,-07:00,2025-10-15T15:16:38-07:00,0,0
global.js,43,js,d5e447da,d25molina,2025-10-15,19:26:08,-07:00,2025-10-15T19:26:08-07:00,0,38
global.js,44,js,d5e447da,d25molina,2025-10-15,19:26:08,-07:00,2025-10-15T19:26:08-07:00,0,25
global.js,45,js,d5e447da,d25molina,2025-10-15,19:26:08,-07:00,2025-10-15T19:26:08-07:00,0,0
global.js,46,js,d7323b37,d25molina,2025-10-15,15:16:38,-07:00,2025-10-15T15:16:38-07:00,0,20
global.js,47,js,d7323b37,d25molina,2025-10-15,15:16:38,-07:00,2025-10-15T15:16:38-07:00,1,14
global.js,48,js,d7323b37,d25molina,2025-10-15,15:16:38,-07:00,2025-10-15T15:16:38-07:00,1,18
global.js,49,js,3643118b,d25molina,2025-10-15,20:59:47,-07:00,2025-10-15T20:59:47-07:00,1,52
global.js,50,js,d7323b37,d25molina,2025-10-15,15:16:38,-07:00,2025-10-15T15:16:38-07:00,1,34
global.js,51,js,d7323b37,d25molina,2025-10-15,15:16:38,-07:00,2025-10-15T15:16:38-07:00,1,11
global.js,52,js,d7323b37,d25molina,2025-10-15,15:16:38,-07:00,2025-10-15T15:16:38-07:00,1,20
global.js,53,js,d7323b37,d25molina,2025-10-15,15:16:38,-07:00,2025-10-15T15:16:38-07:00,1,12
global.js,54,js,d5e447da,d25molina,2025-10-15,19:26:08,-07:00,2025-10-15T19:26:08-07:00,1,65
global.js,55,js,3643118b,d25molina,2025-10-15,20:59:47,-07:00,2025-10-15T20:59:47-07:00,1,26
global.js,56,js,3643118b,d25molina,2025-10-15,20:59:47,-07:00,2025-10-15T20:59:47-07:00,1,49
global.js,57,js,e61910bf,d25molina,2025-10-23,17:59:30,-07:00,2025-10-23T17:59:30-07:00,0,0
global.js,58,js,e61910bf,d25molina,2025-10-23,17:59:30,-07:00,2025-10-23T17:59:30-07:00,0,0
global.js,59,js,e61910bf,d25molina,2025-10-23,17:59:30,-07:00,2025-10-23T17:59:30-07:00,0,36
global.js,60,js,e61910bf,d25molina,2025-10-23,17:59:30,-07:00,2025-10-23T17:59:30-07:00,1,3
global.js,61,js,e61910bf,d25molina,2025-10-23,17:59:30,-07:00,2025-10-23T17:59:30-07:00,2,39
global.js,62,js,e61910bf,d25molina,2025-10-23,17:59:30,-07:00,2025-10-23T17:59:30-07:00,2,32
global.js,63,js,e61910bf,d25molina,2025-10-23,17:59:30,-07:00,2025-10-23T17:59:30-07:00,2,17
global.js,64,js,e61910bf,d25molina,2025-10-23,17:59:30,-07:00,2025-10-23T17:59:30-07:00,3,66
global.js,65,js,e61910bf,d25molina,2025-10-23,17:59:30,-07:00,2025-10-23T17:59:30-07:00,2,0
global.js,66,js,e61910bf,d25molina,2025-10-23,17:59:30,-07:00,2025-10-23T17:59:30-07:00,2,20
global.js,67,js,e61910bf,d25molina,2025-10-23,17:59:30,-07:00,2025-10-23T17:59:30-07:00,2,33
global.js,68,js,e61910bf,d25molina,2025-10-23,17:59:30,-07:00,2025-10-23T17:59:30-07:00,2,16
global.js,69,js,e61910bf,d25molina,2025-10-23,17:59:30,-07:00,2025-10-23T17:59:30-07:00,2,10
global.js,70,js,e61910bf,d25molina,2025-10-23,17:59:30,-07:00,2025-10-23T17:59:30-07:00,1,15
global.js,71,js,e61910bf,d25molina,2025-10-23,17:59:30,-07:00,2025-10-23T17:59:30-07:00,2,59
global.js,72,js,e61910bf,d25molina,2025-10-23,17:59:30,-07:00,2025-10-23T17:59:30-07:00,1,0
global.js,73,js,e61910bf,d25molina,2025-10-23,17:59:30,-07:00,2025-10-23T17:59:30-07:00,0,0
global.js,74,js,e61910bf,d25molina,2025-10-23,17:59:30,-07:00,2025-10-23T17:59:30-07:00,0,0
global.js,75,js,e61910bf,d25molina,2025-10-23,17:59:30,-07:00,2025-10-23T17:59:30-07:00,0,79
global.js,76,js,e61910bf,d25molina,2025-10-23,17:59:30,-07:00,2025-10-23T17:59:30-07:00,1,83
global.js,77,js,e61910bf,d25molina,2025-10-23,17:59:30,-07:00,2025-10-23T17:59:30-07:00,1,30
global.js,78,js,e61910bf,d25molina,2025-10-23,17:59:30,-07:00,2025-10-23T17:59:30-07:00,1,27
global.js,79,js,e61910bf,d25molina,2025-10-23,17:59:30,-07:00,2025-10-23T17:59:30-07:00,2,48
global.js,80,js,e61910bf,d25molina,2025-10-23,17:59:30,-07:00,2025-10-23T17:59:30-07:00,2,19
global.js,81,js,e61910bf,d25molina,2025-10-23,17:59:30,-07:00,2025-10-23T17:59:30-07:00,3,49
global.js,82,js,e61910bf,d25molina,2025-10-23,17:59:30,-07:00,2025-10-23T17:59:30-07:00,3,49
global.js,83,js,6c32bdc6,d25molina,2025-10-30,19:27:47,-07:00,2025-10-30T19:27:47-07:00,3,27
global.js,84,js,6c32bdc6,d25molina,2025-10-30,19:27:47,-07:00,2025-10-30T19:27:47-07:00,3,43
global.js,85,js,e61910bf,d25molina,2025-10-23,17:59:30,-07:00,2025-10-23T17:59:30-07:00,2,36
global.js,86,js,e61910bf,d25molina,2025-10-23,17:59:30,-07:00,2025-10-23T17:59:30-07:00,1,1
global.js,87,js,e61910bf,d25molina,2025-10-23,17:59:30,-07:00,2025-10-23T17:59:30-07:00,0,0
global.js,88,js,e61910bf,d25molina,2025-10-23,17:59:30,-07:00,2025-10-23T17:59:30-07:00,0,47
global.js,89,js,e61910bf,d25molina,2025-10-23,17:59:30,-07:00,2025-10-23T17:59:30-07:00,1,59
global.js,90,js,3643118b,d25molina,2025-10-15,20:59:47,-07:00,2025-10-15T20:59:47-07:00,0,0
resume\index.html,1,html,4172f887,d25molina,2025-10-02,22:17:55,-07:00,2025-10-02T22:17:55-07:00,0,13
resume\index.html,2,html,4172f887,d25molina,2025-10-02,22:17:55,-07:00,2025-10-02T22:17:55-07:00,0,14
resume\index.html,3,html,4172f887,d25molina,2025-10-02,22:17:55,-07:00,2025-10-02T22:17:55-07:00,0,4
resume\index.html,4,html,4172f887,d25molina,2025-10-02,22:17:55,-07:00,2025-10-02T22:17:55-07:00,2,20
resume\index.html,5,html,4172f887,d25molina,2025-10-02,22:17:55,-07:00,2025-10-02T22:17:55-07:00,2,68
resume\index.html,6,html,4172f887,d25molina,2025-10-02,22:17:55,-07:00,2025-10-02T22:17:55-07:00,2,19
resume\index.html,7,html,e8047bba,d25molina,2025-10-08,22:58:30,-07:00,2025-10-08T22:58:30-07:00,2,43
resume\index.html,8,html,e8047bba,d25molina,2025-10-08,22:58:30,-07:00,2025-10-08T22:58:30-07:00,0,5
resume\index.html,9,html,4172f887,d25molina,2025-10-02,22:17:55,-07:00,2025-10-02T22:17:55-07:00,0,4
resume\index.html,10,html,e8047bba,d25molina,2025-10-08,22:58:30,-07:00,2025-10-08T22:58:30-07:00,2,33
resume\index.html,11,html,4172f887,d25molina,2025-10-02,22:17:55,-07:00,2025-10-02T22:17:55-07:00,1,7
resume\index.html,12,html,4172f887,d25molina,2025-10-02,22:17:55,-07:00,2025-10-02T22:17:55-07:00,2,13
resume\index.html,13,html,4172f887,d25molina,2025-10-02,22:17:55,-07:00,2025-10-02T22:17:55-07:00,2,1
resume\index.html,14,html,4172f887,d25molina,2025-10-02,22:17:55,-07:00,2025-10-02T22:17:55-07:00,4,2
resume\index.html,15,html,25ff45c5,d25molina,2025-10-15,21:07:56,-07:00,2025-10-15T21:07:56-07:00,6,76
resume\index.html,16,html,e8047bba,d25molina,2025-10-08,22:58:30,-07:00,2025-10-08T22:58:30-07:00,0,52
resume\index.html,17,html,25ff45c5,d25molina,2025-10-15,21:07:56,-07:00,2025-10-15T21:07:56-07:00,6,77
resume\index.html,18,html,4172f887,d25molina,2025-10-02,22:17:55,-07:00,2025-10-02T22:17:55-07:00,0,68
resume\index.html,19,html,e8047bba,d25molina,2025-10-08,22:58:30,-07:00,2025-10-08T22:58:30-07:00,0,45
resume\index.html,20,html,25ff45c5,d25molina,2025-10-15,21:07:56,-07:00,2025-10-15T21:07:56-07:00,6,72
resume\index.html,21,html,4172f887,d25molina,2025-10-02,22:17:55,-07:00,2025-10-02T22:17:55-07:00,0,65
resume\index.html,22,html,4172f887,d25molina,2025-10-02,22:17:55,-07:00,2025-10-02T22:17:55-07:00,0,64
resume\index.html,23,html,e8047bba,d25molina,2025-10-08,22:58:30,-07:00,2025-10-08T22:58:30-07:00,0,45
resume\index.html,24,html,25ff45c5,d25molina,2025-10-15,21:07:56,-07:00,2025-10-15T21:07:56-07:00,6,79
resume\index.html,25,html,4172f887,d25molina,2025-10-02,22:17:55,-07:00,2025-10-02T22:17:55-07:00,0,62
resume\index.html,26,html,e8047bba,d25molina,2025-10-08,22:58:30,-07:00,2025-10-08T22:58:30-07:00,0,19
resume\index.html,27,html,4172f887,d25molina,2025-10-02,22:17:55,-07:00,2025-10-02T22:17:55-07:00,4,3
resume\index.html,28,html,4172f887,d25molina,2025-10-02,22:17:55,-07:00,2025-10-02T22:17:55-07:00,2,2
resume\index.html,29,html,4172f887,d25molina,2025-10-02,22:17:55,-07:00,2025-10-02T22:17:55-07:00,1,8
resume\index.html,30,html,4172f887,d25molina,2025-10-02,22:17:55,-07:00,2025-10-02T22:17:55-07:00,1,7
resume\index.html,31,html,4172f887,d25molina,2025-10-02,22:17:55,-07:00,2025-10-02T22:17:55-07:00,2,17
resume\index.html,32,html,4172f887,d25molina,2025-10-02,22:17:55,-07:00,2025-10-02T22:17:55-07:00,2,1
resume\index.html,33,html,4172f887,d25molina,2025-10-02,22:17:55,-07:00,2025-10-02T22:17:55-07:00,4,71
resume\index.html,34,html,4172f887,d25molina,2025-10-02,22:17:55,-07:00,2025-10-02T22:17:55-07:00,4,57
resume\index.html,35,html,4172f887,d25molina,2025-10-02,22:17:55,-07:00,2025-10-02T22:17:55-07:00,4,2
resume\index.html,36,html,25ff45c5,d25molina,2025-10-15,21:07:56,-07:00,2025-10-15T21:07:56-07:00,6,64
resume\index.html,37,html,4172f887,d25molina,2025-10-02,22:17:55,-07:00,2025-10-02T22:17:55-07:00,0,66
resume\index.html,38,html,4172f887,d25molina,2025-10-02,22:17:55,-07:00,2025-10-02T22:17:55-07:00,0,15
resume\index.html,39,html,e8047bba,d25molina,2025-10-08,22:58:30,-07:00,2025-10-08T22:58:30-07:00,0,7
resume\index.html,40,html,4172f887,d25molina,2025-10-02,22:17:55,-07:00,2025-10-02T22:17:55-07:00,6,2
resume\index.html,41,html,25ff45c5,d25molina,2025-10-15,21:07:56,-07:00,2025-10-15T21:07:56-07:00,8,63
resume\index.html,42,html,4172f887,d25molina,2025-10-02,22:17:55,-07:00,2025-10-02T22:17:55-07:00,0,62
resume\index.html,43,html,4172f887,d25molina,2025-10-02,22:17:55,-07:00,2025-10-02T22:17:55-07:00,0,13
resume\index.html,44,html,e8047bba,d25molina,2025-10-08,22:58:30,-07:00,2025-10-08T22:58:30-07:00,6,7
resume\index.html,45,html,4172f887,d25molina,2025-10-02,22:17:55,-07:00,2025-10-02T22:17:55-07:00,6,2
resume\index.html,46,html,25ff45c5,d25molina,2025-10-15,21:07:56,-07:00,2025-10-15T21:07:56-07:00,8,54
resume\index.html,47,html,4172f887,d25molina,2025-10-02,22:17:55,-07:00,2025-10-02T22:17:55-07:00,0,61
resume\index.html,48,html,e8047bba,d25molina,2025-10-08,22:58:30,-07:00,2025-10-08T22:58:30-07:00,6,7
resume\index.html,49,html,4172f887,d25molina,2025-10-02,22:17:55,-07:00,2025-10-02T22:17:55-07:00,4,3
resume\index.html,50,html,4172f887,d25molina,2025-10-02,22:17:55,-07:00,2025-10-02T22:17:55-07:00,4,47
resume\index.html,51,html,4172f887,d25molina,2025-10-02,22:17:55,-07:00,2025-10-02T22:17:55-07:00,4,89
resume\index.html,52,html,4172f887,d25molina,2025-10-02,22:17:55,-07:00,2025-10-02T22:17:55-07:00,4,2
resume\index.html,53,html,4172f887,d25molina,2025-10-02,22:17:55,-07:00,2025-10-02T22:17:55-07:00,6,2
resume\index.html,54,html,25ff45c5,d25molina,2025-10-15,21:07:56,-07:00,2025-10-15T21:07:56-07:00,8,65
resume\index.html,55,html,4172f887,d25molina,2025-10-02,22:17:55,-07:00,2025-10-02T22:17:55-07:00,0,47
resume\index.html,56,html,e8047bba,d25molina,2025-10-08,22:58:30,-07:00,2025-10-08T22:58:30-07:00,0,7
resume\index.html,57,html,4172f887,d25molina,2025-10-02,22:17:55,-07:00,2025-10-02T22:17:55-07:00,6,2
resume\index.html,58,html,25ff45c5,d25molina,2025-10-15,21:07:56,-07:00,2025-10-15T21:07:56-07:00,8,62
resume\index.html,59,html,4172f887,d25molina,2025-10-02,22:17:55,-07:00,2025-10-02T22:17:55-07:00,0,41
resume\index.html,60,html,e8047bba,d25molina,2025-10-08,22:58:30,-07:00,2025-10-08T22:58:30-07:00,0,7
resume\index.html,61,html,4172f887,d25molina,2025-10-02,22:17:55,-07:00,2025-10-02T22:17:55-07:00,6,2
resume\index.html,62,html,25ff45c5,d25molina,2025-10-15,21:07:56,-07:00,2025-10-15T21:07:56-07:00,8,64
resume\index.html,63,html,4172f887,d25molina,2025-10-02,22:17:55,-07:00,2025-10-02T22:17:55-07:00,0,49
resume\index.html,64,html,e8047bba,d25molina,2025-10-08,22:58:30,-07:00,2025-10-08T22:58:30-07:00,6,7
resume\index.html,65,html,4172f887,d25molina,2025-10-02,22:17:55,-07:00,2025-10-02T22:17:55-07:00,4,3
resume\index.html,66,html,4172f887,d25molina,2025-10-02,22:17:55,-07:00,2025-10-02T22:17:55-07:00,2,2
resume\index.html,67,html,4172f887,d25molina,2025-10-02,22:17:55,-07:00,2025-10-02T22:17:55-07:00,1,8
resume\index.html,68,html,4172f887,d25molina,2025-10-02,22:17:55,-07:00,2025-10-02T22:17:55-07:00,1,7
resume\index.html,69,html,4172f887,d25molina,2025-10-02,22:17:55,-07:00,2025-10-02T22:17:55-07:00,2,16
resume\index.html,70,html,4172f887,d25molina,2025-10-02,22:17:55,-07:00,2025-10-02T22:17:55-07:00,2,1
resume\index.html,71,html,4172f887,d25molina,2025-10-02,22:17:55,-07:00,2025-10-02T22:17:55-07:00,4,46
resume\index.html,72,html,4172f887,d25molina,2025-10-02,22:17:55,-07:00,2025-10-02T22:17:55-07:00,4,97
resume\index.html,73,html,4172f887,d25molina,2025-10-02,22:17:55,-07:00,2025-10-02T22:17:55-07:00,4,2
resume\index.html,74,html,4172f887,d25molina,2025-10-02,22:17:55,-07:00,2025-10-02T22:17:55-07:00,6,2
resume\index.html,75,html,25ff45c5,d25molina,2025-10-15,21:07:56,-07:00,2025-10-15T21:07:56-07:00,8,7
resume\index.html,76,html,e8047bba,d25molina,2025-10-08,22:58:30,-07:00,2025-10-08T22:58:30-07:00,6,7
resume\index.html,77,html,4172f887,d25molina,2025-10-02,22:17:55,-07:00,2025-10-02T22:17:55-07:00,6,2
resume\index.html,78,html,25ff45c5,d25molina,2025-10-15,21:07:56,-07:00,2025-10-15T21:07:56-07:00,8,64
resume\index.html,79,html,4172f887,d25molina,2025-10-02,22:17:55,-07:00,2025-10-02T22:17:55-07:00,0,64
resume\index.html,80,html,4172f887,d25molina,2025-10-02,22:17:55,-07:00,2025-10-02T22:17:55-07:00,0,16
resume\index.html,81,html,4172f887,d25molina,2025-10-02,22:17:55,-07:00,2025-10-02T22:17:55-07:00,6,3
resume\index.html,82,html,4172f887,d25molina,2025-10-02,22:17:55,-07:00,2025-10-02T22:17:55-07:00,4,3
resume\index.html,83,html,4172f887,d25molina,2025-10-02,22:17:55,-07:00,2025-10-02T22:17:55-07:00,4,49
resume\index.html,84,html,4172f887,d25molina,2025-10-02,22:17:55,-07:00,2025-10-02T22:17:55-07:00,4,89
resume\index.html,85,html,4172f887,d25molina,2025-10-02,22:17:55,-07:00,2025-10-02T22:17:55-07:00,4,2
resume\index.html,86,html,4172f887,d25molina,2025-10-02,22:17:55,-07:00,2025-10-02T22:17:55-07:00,6,2
resume\index.html,87,html,25ff45c5,d25molina,2025-10-15,21:07:56,-07:00,2025-10-15T21:07:56-07:00,8,59
resume\index.html,88,html,4172f887,d25molina,2025-10-02,22:17:55,-07:00,2025-10-02T22:17:55-07:00,0,24
resume\index.html,89,html,e8047bba,d25molina,2025-10-08,22:58:30,-07:00,2025-10-08T22:58:30-07:00,6,7
resume\index.html,90,html,4172f887,d25molina,2025-10-02,22:17:55,-07:00,2025-10-02T22:17:55-07:00,6,2
resume\index.html,91,html,25ff45c5,d25molina,2025-10-15,21:07:56,-07:00,2025-10-15T21:07:56-07:00,8,67
resume\index.html,92,html,4172f887,d25molina,2025-10-02,22:17:55,-07:00,2025-10-02T22:17:55-07:00,0,4
resume\index.html,93,html,4172f887,d25molina,2025-10-02,22:17:55,-07:00,2025-10-02T22:17:55-07:00,4,3
resume\index.html,94,html,4172f887,d25molina,2025-10-02,22:17:55,-07:00,2025-10-02T22:17:55-07:00,2,2
resume\index.html,95,html,4172f887,d25molina,2025-10-02,22:17:55,-07:00,2025-10-02T22:17:55-07:00,1,8
resume\index.html,96,html,4172f887,d25molina,2025-10-02,22:17:55,-07:00,2025-10-02T22:17:55-07:00,1,7
resume\index.html,97,html,4172f887,d25molina,2025-10-02,22:17:55,-07:00,2025-10-02T22:17:55-07:00,2,15
resume\index.html,98,html,4172f887,d25molina,2025-10-02,22:17:55,-07:00,2025-10-02T22:17:55-07:00,2,1
resume\index.html,99,html,4172f887,d25molina,2025-10-02,22:17:55,-07:00,2025-10-02T22:17:55-07:00,4,2
resume\index.html,100,html,4172f887,d25molina,2025-10-02,22:17:55,-07:00,2025-10-02T22:17:55-07:00,6,2
resume\index.html,101,html,25ff45c5,d25molina,2025-10-15,21:07:56,-07:00,2025-10-15T21:07:56-07:00,8,179
resume\index.html,102,html,4172f887,d25molina,2025-10-02,22:17:55,-07:00,2025-10-02T22:17:55-07:00,0,125
resume\index.html,103,html,e8047bba,d25molina,2025-10-08,22:58:30,-07:00,2025-10-08T22:58:30-07:00,6,7
resume\index.html,104,html,4172f887,d25molina,2025-10-02,22:17:55,-07:00,2025-10-02T22:17:55-07:00,6,2
resume\index.html,105,html,25ff45c5,d25molina,2025-10-15,21:07:56,-07:00,2025-10-15T21:07:56-07:00,6,168
resume\index.html,106,html,4172f887,d25molina,2025-10-02,22:17:55,-07:00,2025-10-02T22:17:55-07:00,0,178
resume\index.html,107,html,4172f887,d25molina,2025-10-02,22:17:55,-07:00,2025-10-02T22:17:55-07:00,4,3
resume\index.html,108,html,4172f887,d25molina,2025-10-02,22:17:55,-07:00,2025-10-02T22:17:55-07:00,2,2
resume\index.html,109,html,4172f887,d25molina,2025-10-02,22:17:55,-07:00,2025-10-02T22:17:55-07:00,1,8
resume\index.html,110,html,9249d52f,d25molina,2025-10-15,15:35:48,-07:00,2025-10-15T15:35:48-07:00,0,54
resume\index.html,111,html,4172f887,d25molina,2025-10-02,22:17:55,-07:00,2025-10-02T22:17:55-07:00,0,5
resume\index.html,112,html,4172f887,d25molina,2025-10-02,22:17:55,-07:00,2025-10-02T22:17:55-07:00,0,5
projects\projects.js,1,js,e61910bf,d25molina,2025-10-23,17:59:30,-07:00,2025-10-23T17:59:30-07:00,0,37
projects\projects.js,2,js,e61910bf,d25molina,2025-10-23,17:59:30,-07:00,2025-10-23T17:59:30-07:00,0,55
projects\projects.js,3,js,e61910bf,d25molina,2025-10-23,17:59:30,-07:00,2025-10-23T17:59:30-07:00,0,55
projects\projects.js,4,js,e61910bf,d25molina,2025-10-23,17:59:30,-07:00,2025-10-23T17:59:30-07:00,0,20
projects\projects.js,5,js,e61910bf,d25molina,2025-10-23,17:59:30,-07:00,2025-10-23T17:59:30-07:00,0,60
projects\projects.js,6,js,e61910bf,d25molina,2025-10-23,17:59:30,-07:00,2025-10-23T17:59:30-07:00,0,29
projects\projects.js,7,js,e61910bf,d25molina,2025-10-23,17:59:30,-07:00,2025-10-23T17:59:30-07:00,0,48
projects\projects.js,8,js,e61910bf,d25molina,2025-10-23,17:59:30,-07:00,2025-10-23T17:59:30-07:00,0,62
projects\projects.js,9,js,6c32bdc6,d25molina,2025-10-30,19:27:47,-07:00,2025-10-30T19:27:47-07:00,0,56
projects\projects.js,10,js,6c32bdc6,d25molina,2025-10-30,19:27:47,-07:00,2025-10-30T19:27:47-07:00,0,63
projects\projects.js,11,js,6c32bdc6,d25molina,2025-10-30,19:27:47,-07:00,2025-10-30T19:27:47-07:00,0,0
projects\projects.js,12,js,6c32bdc6,d25molina,2025-10-30,19:27:47,-07:00,2025-10-30T19:27:47-07:00,0,57
projects\projects.js,13,js,6c32bdc6,d25molina,2025-10-30,19:27:47,-07:00,2025-10-30T19:27:47-07:00,0,47
projects\projects.js,14,js,6c32bdc6,d25molina,2025-10-30,19:27:47,-07:00,2025-10-30T19:27:47-07:00,0,13
projects\projects.js,15,js,6c32bdc6,d25molina,2025-10-30,19:27:47,-07:00,2025-10-30T19:27:47-07:00,0,53
projects\projects.js,16,js,6c32bdc6,d25molina,2025-10-30,19:27:47,-07:00,2025-10-30T19:27:47-07:00,0,21
projects\projects.js,17,js,6c32bdc6,d25molina,2025-10-30,19:27:47,-07:00,2025-10-30T19:27:47-07:00,0,0
projects\projects.js,18,js,6c32bdc6,d25molina,2025-10-30,19:27:47,-07:00,2025-10-30T19:27:47-07:00,0,38
projects\projects.js,19,js,6c32bdc6,d25molina,2025-10-30,19:27:47,-07:00,2025-10-30T19:27:47-07:00,1,29
projects\projects.js,20,js,6c32bdc6,d25molina,2025-10-30,19:27:47,-07:00,2025-10-30T19:27:47-07:00,2,12
projects\projects.js,21,js,6c32bdc6,d25molina,2025-10-30,19:27:47,-07:00,2025-10-30T19:27:47-07:00,2,14
projects\projects.js,22,js,6c32bdc6,d25molina,2025-10-30,19:27:47,-07:00,2025-10-30T19:27:47-07:00,2,12
projects\projects.js,23,js,6c32bdc6,d25molina,2025-10-30,19:27:47,-07:00,2025-10-30T19:27:47-07:00,1,0
projects\projects.js,24,js,6c32bdc6,d25molina,2025-10-30,19:27:47,-07:00,2025-10-30T19:27:47-07:00,1,50
projects\projects.js,25,js,6c32bdc6,d25molina,2025-10-30,19:27:47,-07:00,2025-10-30T19:27:47-07:00,2,33
projects\projects.js,26,js,6c32bdc6,d25molina,2025-10-30,19:27:47,-07:00,2025-10-30T19:27:47-07:00,1,1
projects\projects.js,27,js,6c32bdc6,d25molina,2025-10-30,19:27:47,-07:00,2025-10-30T19:27:47-07:00,1,53
projects\projects.js,28,js,6c32bdc6,d25molina,2025-10-30,19:27:47,-07:00,2025-10-30T19:27:47-07:00,1,42
projects\projects.js,29,js,6c32bdc6,d25molina,2025-10-30,19:27:47,-07:00,2025-10-30T19:27:47-07:00,1,51
projects\projects.js,30,js,6c32bdc6,d25molina,2025-10-30,19:27:47,-07:00,2025-10-30T19:27:47-07:00,0,0
projects\projects.js,31,js,6c32bdc6,d25molina,2025-10-30,19:27:47,-07:00,2025-10-30T19:27:47-07:00,1,28
projects\projects.js,32,js,6c32bdc6,d25molina,2025-10-30,19:27:47,-07:00,2025-10-30T19:27:47-07:00,1,32
projects\projects.js,33,js,6c32bdc6,d25molina,2025-10-30,19:27:47,-07:00,2025-10-30T19:27:47-07:00,1,35
projects\projects.js,34,js,6c32bdc6,d25molina,2025-10-30,19:27:47,-07:00,2025-10-30T19:27:47-07:00,1,33
projects\projects.js,35,js,6c32bdc6,d25molina,2025-10-30,19:27:47,-07:00,2025-10-30T19:27:47-07:00,0,0
projects\projects.js,36,js,6c32bdc6,d25molina,2025-10-30,19:27:47,-07:00,2025-10-30T19:27:47-07:00,1,27
projects\projects.js,37,js,6c32bdc6,d25molina,2025-10-30,19:27:47,-07:00,2025-10-30T19:27:47-07:00,2,19
projects\projects.js,38,js,6c32bdc6,d25molina,2025-10-30,19:27:47,-07:00,2025-10-30T19:27:47-07:00,3,13
projects\projects.js,39,js,6c32bdc6,d25molina,2025-10-30,19:27:47,-07:00,2025-10-30T19:27:47-07:00,3,22
projects\projects.js,40,js,6c32bdc6,d25molina,2025-10-30,19:27:47,-07:00,2025-10-30T19:27:47-07:00,3,18
projects\projects.js,41,js,6c32bdc6,d25molina,2025-10-30,19:27:47,-07:00,2025-10-30T19:27:47-07:00,4,43
projects\projects.js,42,js,6c32bdc6,d25molina,2025-10-30,19:27:47,-07:00,2025-10-30T19:27:47-07:00,4,4
projects\projects.js,43,js,6c32bdc6,d25molina,2025-10-30,19:27:47,-07:00,2025-10-30T19:27:47-07:00,5,16
projects\projects.js,44,js,6c32bdc6,d25molina,2025-10-30,19:27:47,-07:00,2025-10-30T19:27:47-07:00,5,26
projects\projects.js,45,js,6c32bdc6,d25molina,2025-10-30,19:27:47,-07:00,2025-10-30T19:27:47-07:00,6,37
projects\projects.js,46,js,6c32bdc6,d25molina,2025-10-30,19:27:47,-07:00,2025-10-30T19:27:47-07:00,5,1
projects\projects.js,47,js,6c32bdc6,d25molina,2025-10-30,19:27:47,-07:00,2025-10-30T19:27:47-07:00,2,25
projects\projects.js,48,js,6c32bdc6,d25molina,2025-10-30,19:27:47,-07:00,2025-10-30T19:27:47-07:00,4,53
projects\projects.js,49,js,6c32bdc6,d25molina,2025-10-30,19:27:47,-07:00,2025-10-30T19:27:47-07:00,3,6
projects\projects.js,50,js,6c32bdc6,d25molina,2025-10-30,19:27:47,-07:00,2025-10-30T19:27:47-07:00,4,46
projects\projects.js,51,js,6c32bdc6,d25molina,2025-10-30,19:27:47,-07:00,2025-10-30T19:27:47-07:00,4,72
projects\projects.js,52,js,6c32bdc6,d25molina,2025-10-30,19:27:47,-07:00,2025-10-30T19:27:47-07:00,4,54
projects\projects.js,53,js,6c32bdc6,d25molina,2025-10-30,19:27:47,-07:00,2025-10-30T19:27:47-07:00,3,0
projects\projects.js,54,js,6c32bdc6,d25molina,2025-10-30,19:27:47,-07:00,2025-10-30T19:27:47-07:00,4,7
projects\projects.js,55,js,6c32bdc6,d25molina,2025-10-30,19:27:47,-07:00,2025-10-30T19:27:47-07:00,4,14
projects\projects.js,56,js,6c32bdc6,d25molina,2025-10-30,19:27:47,-07:00,2025-10-30T19:27:47-07:00,4,26
projects\projects.js,57,js,6c32bdc6,d25molina,2025-10-30,19:27:47,-07:00,2025-10-30T19:27:47-07:00,4,60
projects\projects.js,58,js,6c32bdc6,d25molina,2025-10-30,19:27:47,-07:00,2025-10-30T19:27:47-07:00,3,1
projects\projects.js,59,js,6c32bdc6,d25molina,2025-10-30,19:27:47,-07:00,2025-10-30T19:27:47-07:00,3,1
projects\projects.js,60,js,6c32bdc6,d25molina,2025-10-30,19:27:47,-07:00,2025-10-30T19:27:47-07:00,1,1
projects\projects.js,61,js,6c32bdc6,d25molina,2025-10-30,19:27:47,-07:00,2025-10-30T19:27:47-07:00,0,0
projects\projects.js,62,js,6c32bdc6,d25molina,2025-10-30,19:27:47,-07:00,2025-10-30T19:27:47-07:00,1,25
projects\projects.js,63,js,6c32bdc6,d25molina,2025-10-30,19:27:47,-07:00,2025-10-30T19:27:47-07:00,2,7
projects\projects.js,64,js,6c32bdc6,d25molina,2025-10-30,19:27:47,-07:00,2025-10-30T19:27:47-07:00,3,11
projects\projects.js,65,js,6c32bdc6,d25molina,2025-10-30,19:27:47,-07:00,2025-10-30T19:27:47-07:00,3,27
projects\projects.js,66,js,6c32bdc6,d25molina,2025-10-30,19:27:47,-07:00,2025-10-30T19:27:47-07:00,3,36
projects\projects.js,67,js,6c32bdc6,d25molina,2025-10-30,19:27:47,-07:00,2025-10-30T19:27:47-07:00,3,69
projects\projects.js,68,js,6c32bdc6,d25molina,2025-10-30,19:27:47,-07:00,2025-10-30T19:27:47-07:00,2,0
projects\projects.js,69,js,6c32bdc6,d25molina,2025-10-30,19:27:47,-07:00,2025-10-30T19:27:47-07:00,1,1
projects\projects.js,70,js,6c32bdc6,d25molina,2025-10-30,19:27:47,-07:00,2025-10-30T19:27:47-07:00,0,0
projects\projects.js,71,js,6c32bdc6,d25molina,2025-10-30,19:27:47,-07:00,2025-10-30T19:27:47-07:00,0,0
projects\projects.js,72,js,6c32bdc6,d25molina,2025-10-30,19:27:47,-07:00,2025-10-30T19:27:47-07:00,0,24
projects\projects.js,73,js,6c32bdc6,d25molina,2025-10-30,19:27:47,-07:00,2025-10-30T19:27:47-07:00,1,12
projects\projects.js,74,js,6c32bdc6,d25molina,2025-10-30,19:27:47,-07:00,2025-10-30T19:27:47-07:00,1,35
projects\projects.js,75,js,6c32bdc6,d25molina,2025-10-30,19:27:47,-07:00,2025-10-30T19:27:47-07:00,2,59
projects\projects.js,76,js,6c32bdc6,d25molina,2025-10-30,19:27:47,-07:00,2025-10-30T19:27:47-07:00,2,42
projects\projects.js,77,js,6c32bdc6,d25molina,2025-10-30,19:27:47,-07:00,2025-10-30T19:27:47-07:00,1,1
projects\projects.js,78,js,6c32bdc6,d25molina,2025-10-30,19:27:47,-07:00,2025-10-30T19:27:47-07:00,0,0
projects\projects.js,79,js,6c32bdc6,d25molina,2025-10-30,19:27:47,-07:00,2025-10-30T19:27:47-07:00,0,0
projects\projects.js,80,js,6c32bdc6,d25molina,2025-10-30,19:27:47,-07:00,2025-10-30T19:27:47-07:00,0,23
projects\projects.js,81,js,6c32bdc6,d25molina,2025-10-30,19:27:47,-07:00,2025-10-30T19:27:47-07:00,0,0
projects\projects.js,82,js,6c32bdc6,d25molina,2025-10-30,19:27:47,-07:00,2025-10-30T19:27:47-07:00,0,48
projects\projects.js,83,js,6c32bdc6,d25molina,2025-10-30,19:27:47,-07:00,2025-10-30T19:27:47-07:00,1,50
projects\projects.js,84,js,6c32bdc6,d25molina,2025-10-30,19:27:47,-07:00,2025-10-30T19:27:47-07:00,1,56
projects\projects.js,85,js,6c32bdc6,d25molina,2025-10-30,19:27:47,-07:00,2025-10-30T19:27:47-07:00,1,31
projects\projects.js,86,js,6c32bdc6,d25molina,2025-10-30,19:27:47,-07:00,2025-10-30T19:27:47-07:00,0,1
projects\index.html,1,html,dcd11d42,d25molina,2025-10-02,15:42:05,-07:00,2025-10-02T15:42:05-07:00,0,13
projects\index.html,2,html,dcd11d42,d25molina,2025-10-02,15:42:05,-07:00,2025-10-02T15:42:05-07:00,0,14
projects\index.html,3,html,dcd11d42,d25molina,2025-10-02,15:42:05,-07:00,2025-10-02T15:42:05-07:00,0,4
projects\index.html,4,html,dcd11d42,d25molina,2025-10-02,15:42:05,-07:00,2025-10-02T15:42:05-07:00,2,20
projects\index.html,5,html,dcd11d42,d25molina,2025-10-02,15:42:05,-07:00,2025-10-02T15:42:05-07:00,2,68
projects\index.html,6,html,dcd11d42,d25molina,2025-10-02,15:42:05,-07:00,2025-10-02T15:42:05-07:00,2,37
projects\index.html,7,html,e8047bba,d25molina,2025-10-08,22:58:30,-07:00,2025-10-08T22:58:30-07:00,2,43
projects\index.html,8,html,e8047bba,d25molina,2025-10-08,22:58:30,-07:00,2025-10-08T22:58:30-07:00,0,5
projects\index.html,9,html,dcd11d42,d25molina,2025-10-02,15:42:05,-07:00,2025-10-02T15:42:05-07:00,0,4
projects\index.html,10,html,6c32bdc6,d25molina,2025-10-30,19:27:47,-07:00,2025-10-30T19:27:47-07:00,0,21
projects\index.html,11,html,6c32bdc6,d25molina,2025-10-30,19:27:47,-07:00,2025-10-30T19:27:47-07:00,1,52
projects\index.html,12,html,6c32bdc6,d25molina,2025-10-30,19:27:47,-07:00,2025-10-30T19:27:47-07:00,2,10
projects\index.html,13,html,6c32bdc6,d25molina,2025-10-30,19:27:47,-07:00,2025-10-30T19:27:47-07:00,1,4
projects\index.html,14,html,6c32bdc6,d25molina,2025-10-30,19:27:47,-07:00,2025-10-30T19:27:47-07:00,1,17
projects\index.html,15,html,6c32bdc6,d25molina,2025-10-30,19:27:47,-07:00,2025-10-30T19:27:47-07:00,2,10
projects\index.html,16,html,6c32bdc6,d25molina,2025-10-30,19:27:47,-07:00,2025-10-30T19:27:47-07:00,1,3
projects\index.html,17,html,6c32bdc6,d25molina,2025-10-30,19:27:47,-07:00,2025-10-30T19:27:47-07:00,0,4
projects\index.html,18,html,6c32bdc6,d25molina,2025-10-30,19:27:47,-07:00,2025-10-30T19:27:47-07:00,0,4
projects\index.html,19,html,6c32bdc6,d25molina,2025-10-30,19:27:47,-07:00,2025-10-30T19:27:47-07:00,1,15
projects\index.html,20,html,6c32bdc6,d25molina,2025-10-30,19:27:47,-07:00,2025-10-30T19:27:47-07:00,1,11
projects\index.html,21,html,6c32bdc6,d25molina,2025-10-30,19:27:47,-07:00,2025-10-30T19:27:47-07:00,1,26
projects\index.html,22,html,6c32bdc6,d25molina,2025-10-30,19:27:47,-07:00,2025-10-30T19:27:47-07:00,1,31
projects\index.html,23,html,6c32bdc6,d25molina,2025-10-30,19:27:47,-07:00,2025-10-30T19:27:47-07:00,0,0
projects\index.html,24,html,e61910bf,d25molina,2025-10-23,17:59:30,-07:00,2025-10-23T17:59:30-07:00,0,41
projects\index.html,25,html,e8047bba,d25molina,2025-10-08,22:58:30,-07:00,2025-10-08T22:58:30-07:00,0,20
projects\index.html,26,html,e8047bba,d25molina,2025-10-08,22:58:30,-07:00,2025-10-08T22:58:30-07:00,0,4
projects\index.html,27,html,9249d52f,d25molina,2025-10-15,15:35:48,-07:00,2025-10-15T15:35:48-07:00,0,54
projects\index.html,28,html,e61910bf,d25molina,2025-10-23,17:59:30,-07:00,2025-10-23T17:59:30-07:00,0,47
projects\index.html,29,html,dcd11d42,d25molina,2025-10-02,15:42:05,-07:00,2025-10-02T15:42:05-07:00,0,5
projects\index.html,30,html,dcd11d42,d25molina,2025-10-02,15:42:05,-07:00,2025-10-02T15:42:05-07:00,0,5
projects\project2\project2_report.html,1,html,25c9f955,d25molina,2025-10-24,21:12:25,-07:00,2025-10-24T21:12:25-07:00,0,13
projects\project2\project2_report.html,2,html,25c9f955,d25molina,2025-10-24,21:12:25,-07:00,2025-10-24T21:12:25-07:00,0,14
projects\project2\project2_report.html,3,html,25c9f955,d25molina,2025-10-24,21:12:25,-07:00,2025-10-24T21:12:25-07:00,1,4
projects\project2\project2_report.html,4,html,25c9f955,d25molina,2025-10-24,21:12:25,-07:00,2025-10-24T21:12:25-07:00,2,29
projects\project2\project2_report.html,5,html,25c9f955,d25molina,2025-10-24,21:12:25,-07:00,2025-10-24T21:12:25-07:00,2,5
projects\project2\project2_report.html,6,html,25c9f955,d25molina,2025-10-24,21:12:25,-07:00,2025-10-24T21:12:25-07:00,3,5
projects\project2\project2_report.html,7,html,25c9f955,d25molina,2025-10-24,21:12:25,-07:00,2025-10-24T21:12:25-07:00,4,35
projects\project2\project2_report.html,8,html,25c9f955,d25molina,2025-10-24,21:12:25,-07:00,2025-10-24T21:12:25-07:00,4,35
projects\project2\project2_report.html,9,html,25c9f955,d25molina,2025-10-24,21:12:25,-07:00,2025-10-24T21:12:25-07:00,4,35
projects\project2\project2_report.html,10,html,25c9f955,d25molina,2025-10-24,21:12:25,-07:00,2025-10-24T21:12:25-07:00,4,35
projects\project2\project2_report.html,11,html,25c9f955,d25molina,2025-10-24,21:12:25,-07:00,2025-10-24T21:12:25-07:00,4,35
projects\project2\project2_report.html,12,html,25c9f955,d25molina,2025-10-24,21:12:25,-07:00,2025-10-24T21:12:25-07:00,4,35
projects\project2\project2_report.html,13,html,25c9f955,d25molina,2025-10-24,21:12:25,-07:00,2025-10-24T21:12:25-07:00,4,35
projects\project2\project2_report.html,14,html,25c9f955,d25molina,2025-10-24,21:12:25,-07:00,2025-10-24T21:12:25-07:00,4,35
projects\project2\project2_report.html,15,html,25c9f955,d25molina,2025-10-24,21:12:25,-07:00,2025-10-24T21:12:25-07:00,4,35
projects\project2\project2_report.html,16,html,25c9f955,d25molina,2025-10-24,21:12:25,-07:00,2025-10-24T21:12:25-07:00,4,35
projects\project2\project2_report.html,17,html,25c9f955,d25molina,2025-10-24,21:12:25,-07:00,2025-10-24T21:12:25-07:00,3,0
projects\project2\project2_report.html,18,html,25c9f955,d25molina,2025-10-24,21:12:25,-07:00,2025-10-24T21:12:25-07:00,0,0
projects\project2\project2_report.html,19,html,25c9f955,d25molina,2025-10-24,21:12:25,-07:00,2025-10-24T21:12:25-07:00,3,4
projects\project2\project2_report.html,20,html,25c9f955,d25molina,2025-10-24,21:12:25,-07:00,2025-10-24T21:12:25-07:00,4,23
projects\project2\project2_report.html,21,html,25c9f955,d25molina,2025-10-24,21:12:25,-07:00,2025-10-24T21:12:25-07:00,4,20
projects\project2\project2_report.html,22,html,25c9f955,d25molina,2025-10-24,21:12:25,-07:00,2025-10-24T21:12:25-07:00,4,34
projects\project2\project2_report.html,23,html,25c9f955,d25molina,2025-10-24,21:12:25,-07:00,2025-10-24T21:12:25-07:00,4,25
projects\project2\project2_report.html,24,html,25c9f955,d25molina,2025-10-24,21:12:25,-07:00,2025-10-24T21:12:25-07:00,4,13
projects\project2\project2_report.html,25,html,25c9f955,d25molina,2025-10-24,21:12:25,-07:00,2025-10-24T21:12:25-07:00,3,0
projects\project2\project2_report.html,26,html,25c9f955,d25molina,2025-10-24,21:12:25,-07:00,2025-10-24T21:12:25-07:00,0,0
projects\project2\project2_report.html,27,html,25c9f955,d25molina,2025-10-24,21:12:25,-07:00,2025-10-24T21:12:25-07:00,3,12
projects\project2\project2_report.html,28,html,25c9f955,d25molina,2025-10-24,21:12:25,-07:00,2025-10-24T21:12:25-07:00,0,0
projects\project2\project2_report.html,29,html,25c9f955,d25molina,2025-10-24,21:12:25,-07:00,2025-10-24T21:12:25-07:00,3,1
projects\project2\project2_report.html,30,html,25c9f955,d25molina,2025-10-24,21:12:25,-07:00,2025-10-24T21:12:25-07:00,3,1
projects\project2\project2_report.html,31,html,25c9f955,d25molina,2025-10-24,21:12:25,-07:00,2025-10-24T21:12:25-07:00,3,1
projects\project2\project2_report.html,32,html,25c9f955,d25molina,2025-10-24,21:12:25,-07:00,2025-10-24T21:12:25-07:00,3,1
projects\project2\project2_report.html,33,html,25c9f955,d25molina,2025-10-24,21:12:25,-07:00,2025-10-24T21:12:25-07:00,3,1
projects\project2\project2_report.html,34,html,25c9f955,d25molina,2025-10-24,21:12:25,-07:00,2025-10-24T21:12:25-07:00,3,2
projects\project2\project2_report.html,35,html,25c9f955,d25molina,2025-10-24,21:12:25,-07:00,2025-10-24T21:12:25-07:00,4,15
projects\project2\project2_report.html,36,html,25c9f955,d25molina,2025-10-24,21:12:25,-07:00,2025-10-24T21:12:25-07:00,4,15
projects\project2\project2_report.html,37,html,25c9f955,d25molina,2025-10-24,21:12:25,-07:00,2025-10-24T21:12:25-07:00,4,17
projects\project2\project2_report.html,38,html,25c9f955,d25molina,2025-10-24,21:12:25,-07:00,2025-10-24T21:12:25-07:00,3,0
projects\project2\project2_report.html,39,html,25c9f955,d25molina,2025-10-24,21:12:25,-07:00,2025-10-24T21:12:25-07:00,0,0
projects\project2\project2_report.html,40,html,25c9f955,d25molina,2025-10-24,21:12:25,-07:00,2025-10-24T21:12:25-07:00,3,1
projects\project2\project2_report.html,41,html,25c9f955,d25molina,2025-10-24,21:12:25,-07:00,2025-10-24T21:12:25-07:00,3,2
projects\project2\project2_report.html,42,html,25c9f955,d25molina,2025-10-24,21:12:25,-07:00,2025-10-24T21:12:25-07:00,4,47
projects\project2\project2_report.html,43,html,25c9f955,d25molina,2025-10-24,21:12:25,-07:00,2025-10-24T21:12:25-07:00,4,20
projects\project2\project2_report.html,44,html,25c9f955,d25molina,2025-10-24,21:12:25,-07:00,2025-10-24T21:12:25-07:00,3,0
projects\project2\project2_report.html,45,html,25c9f955,d25molina,2025-10-24,21:12:25,-07:00,2025-10-24T21:12:25-07:00,0,0
projects\project2\project2_report.html,46,html,25c9f955,d25molina,2025-10-24,21:12:25,-07:00,2025-10-24T21:12:25-07:00,3,2
projects\project2\project2_report.html,47,html,25c9f955,d25molina,2025-10-24,21:12:25,-07:00,2025-10-24T21:12:25-07:00,4,23
projects\project2\project2_report.html,48,html,25c9f955,d25molina,2025-10-24,21:12:25,-07:00,2025-10-24T21:12:25-07:00,4,48
projects\project2\project2_report.html,49,html,25c9f955,d25molina,2025-10-24,21:12:25,-07:00,2025-10-24T21:12:25-07:00,4,15
projects\project2\project2_report.html,50,html,25c9f955,d25molina,2025-10-24,21:12:25,-07:00,2025-10-24T21:12:25-07:00,0,0
projects\project2\project2_report.html,51,html,25c9f955,d25molina,2025-10-24,21:12:25,-07:00,2025-10-24T21:12:25-07:00,4,5
projects\project2\project2_report.html,52,html,25c9f955,d25molina,2025-10-24,21:12:25,-07:00,2025-10-24T21:12:25-07:00,5,13
projects\project2\project2_report.html,53,html,25c9f955,d25molina,2025-10-24,21:12:25,-07:00,2025-10-24T21:12:25-07:00,5,17
projects\project2\project2_report.html,54,html,25c9f955,d25molina,2025-10-24,21:12:25,-07:00,2025-10-24T21:12:25-07:00,5,19
projects\project2\project2_report.html,55,html,25c9f955,d25molina,2025-10-24,21:12:25,-07:00,2025-10-24T21:12:25-07:00,5,18
projects\project2\project2_report.html,56,html,25c9f955,d25molina,2025-10-24,21:12:25,-07:00,2025-10-24T21:12:25-07:00,5,11
projects\project2\project2_report.html,57,html,25c9f955,d25molina,2025-10-24,21:12:25,-07:00,2025-10-24T21:12:25-07:00,5,34
projects\project2\project2_report.html,58,html,25c9f955,d25molina,2025-10-24,21:12:25,-07:00,2025-10-24T21:12:25-07:00,5,13
projects\project2\project2_report.html,59,html,25c9f955,d25molina,2025-10-24,21:12:25,-07:00,2025-10-24T21:12:25-07:00,5,24
projects\project2\project2_report.html,60,html,25c9f955,d25molina,2025-10-24,21:12:25,-07:00,2025-10-24T21:12:25-07:00,5,18
projects\project2\project2_report.html,61,html,25c9f955,d25molina,2025-10-24,21:12:25,-07:00,2025-10-24T21:12:25-07:00,4,0
projects\project2\project2_report.html,62,html,25c9f955,d25molina,2025-10-24,21:12:25,-07:00,2025-10-24T21:12:25-07:00,3,0
projects\project2\project2_report.html,63,html,25c9f955,d25molina,2025-10-24,21:12:25,-07:00,2025-10-24T21:12:25-07:00,0,0
projects\project2\project2_report.html,64,html,25c9f955,d25molina,2025-10-24,21:12:25,-07:00,2025-10-24T21:12:25-07:00,3,2
projects\project2\project2_report.html,65,html,25c9f955,d25molina,2025-10-24,21:12:25,-07:00,2025-10-24T21:12:25-07:00,4,14
projects\project2\project2_report.html,66,html,25c9f955,d25molina,2025-10-24,21:12:25,-07:00,2025-10-24T21:12:25-07:00,4,29
projects\project2\project2_report.html,67,html,25c9f955,d25molina,2025-10-24,21:12:25,-07:00,2025-10-24T21:12:25-07:00,3,0
projects\project2\project2_report.html,68,html,25c9f955,d25molina,2025-10-24,21:12:25,-07:00,2025-10-24T21:12:25-07:00,0,0
projects\project2\project2_report.html,69,html,25c9f955,d25molina,2025-10-24,21:12:25,-07:00,2025-10-24T21:12:25-07:00,3,2
projects\project2\project2_report.html,70,html,25c9f955,d25molina,2025-10-24,21:12:25,-07:00,2025-10-24T21:12:25-07:00,4,14
projects\project2\project2_report.html,71,html,25c9f955,d25molina,2025-10-24,21:12:25,-07:00,2025-10-24T21:12:25-07:00,3,0
projects\project2\project2_report.html,72,html,25c9f955,d25molina,2025-10-24,21:12:25,-07:00,2025-10-24T21:12:25-07:00,0,0
projects\project2\project2_report.html,73,html,25c9f955,d25molina,2025-10-24,21:12:25,-07:00,2025-10-24T21:12:25-07:00,3,9
projects\project2\project2_report.html,74,html,25c9f955,d25molina,2025-10-24,21:12:25,-07:00,2025-10-24T21:12:25-07:00,0,0
projects\project2\project2_report.html,75,html,25c9f955,d25molina,2025-10-24,21:12:25,-07:00,2025-10-24T21:12:25-07:00,3,1
projects\project2\project2_report.html,76,html,25c9f955,d25molina,2025-10-24,21:12:25,-07:00,2025-10-24T21:12:25-07:00,3,2
projects\project2\project2_report.html,77,html,25c9f955,d25molina,2025-10-24,21:12:25,-07:00,2025-10-24T21:12:25-07:00,4,24
projects\project2\project2_report.html,78,html,25c9f955,d25molina,2025-10-24,21:12:25,-07:00,2025-10-24T21:12:25-07:00,3,0
projects\project2\project2_report.html,79,html,25c9f955,d25molina,2025-10-24,21:12:25,-07:00,2025-10-24T21:12:25-07:00,0,0
projects\project2\project2_report.html,80,html,25c9f955,d25molina,2025-10-24,21:12:25,-07:00,2025-10-24T21:12:25-07:00,3,2
projects\project2\project2_report.html,81,html,25c9f955,d25molina,2025-10-24,21:12:25,-07:00,2025-10-24T21:12:25-07:00,4,9
projects\project2\project2_report.html,82,html,25c9f955,d25molina,2025-10-24,21:12:25,-07:00,2025-10-24T21:12:25-07:00,5,29
projects\project2\project2_report.html,83,html,25c9f955,d25molina,2025-10-24,21:12:25,-07:00,2025-10-24T21:12:25-07:00,4,0
projects\project2\project2_report.html,84,html,25c9f955,d25molina,2025-10-24,21:12:25,-07:00,2025-10-24T21:12:25-07:00,0,0
projects\project2\project2_report.html,85,html,25c9f955,d25molina,2025-10-24,21:12:25,-07:00,2025-10-24T21:12:25-07:00,4,4
projects\project2\project2_report.html,86,html,25c9f955,d25molina,2025-10-24,21:12:25,-07:00,2025-10-24T21:12:25-07:00,5,16
projects\project2\project2_report.html,87,html,25c9f955,d25molina,2025-10-24,21:12:25,-07:00,2025-10-24T21:12:25-07:00,4,0
projects\project2\project2_report.html,88,html,25c9f955,d25molina,2025-10-24,21:12:25,-07:00,2025-10-24T21:12:25-07:00,3,0
projects\project2\project2_report.html,89,html,25c9f955,d25molina,2025-10-24,21:12:25,-07:00,2025-10-24T21:12:25-07:00,0,0
projects\project2\project2_report.html,90,html,25c9f955,d25molina,2025-10-24,21:12:25,-07:00,2025-10-24T21:12:25-07:00,3,23
projects\project2\project2_report.html,91,html,25c9f955,d25molina,2025-10-24,21:12:25,-07:00,2025-10-24T21:12:25-07:00,0,0
projects\project2\project2_report.html,92,html,25c9f955,d25molina,2025-10-24,21:12:25,-07:00,2025-10-24T21:12:25-07:00,3,6
projects\project2\project2_report.html,93,html,25c9f955,d25molina,2025-10-24,21:12:25,-07:00,2025-10-24T21:12:25-07:00,4,17
projects\project2\project2_report.html,94,html,25c9f955,d25molina,2025-10-24,21:12:25,-07:00,2025-10-24T21:12:25-07:00,4,17
projects\project2\project2_report.html,95,html,25c9f955,d25molina,2025-10-24,21:12:25,-07:00,2025-10-24T21:12:25-07:00,3,0
projects\project2\project2_report.html,96,html,25c9f955,d25molina,2025-10-24,21:12:25,-07:00,2025-10-24T21:12:25-07:00,0,0
projects\project2\project2_report.html,97,html,25c9f955,d25molina,2025-10-24,21:12:25,-07:00,2025-10-24T21:12:25-07:00,3,4
projects\project2\project2_report.html,98,html,25c9f955,d25molina,2025-10-24,21:12:25,-07:00,2025-10-24T21:12:25-07:00,4,16
projects\project2\project2_report.html,99,html,25c9f955,d25molina,2025-10-24,21:12:25,-07:00,2025-10-24T21:12:25-07:00,4,29
projects\project2\project2_report.html,100,html,25c9f955,d25molina,2025-10-24,21:12:25,-07:00,2025-10-24T21:12:25-07:00,4,18
projects\project2\project2_report.html,101,html,25c9f955,d25molina,2025-10-24,21:12:25,-07:00,2025-10-24T21:12:25-07:00,4,19
projects\project2\project2_report.html,102,html,25c9f955,d25molina,2025-10-24,21:12:25,-07:00,2025-10-24T21:12:25-07:00,3,0
projects\project2\project2_report.html,103,html,25c9f955,d25molina,2025-10-24,21:12:25,-07:00,2025-10-24T21:12:25-07:00,0,0
projects\project2\project2_report.html,104,html,25c9f955,d25molina,2025-10-24,21:12:25,-07:00,2025-10-24T21:12:25-07:00,3,11
projects\project2\project2_report.html,105,html,25c9f955,d25molina,2025-10-24,21:12:25,-07:00,2025-10-24T21:12:25-07:00,0,0
projects\project2\project2_report.html,106,html,25c9f955,d25molina,2025-10-24,21:12:25,-07:00,2025-10-24T21:12:25-07:00,3,6
projects\project2\project2_report.html,107,html,25c9f955,d25molina,2025-10-24,21:12:25,-07:00,2025-10-24T21:12:25-07:00,4,12
projects\project2\project2_report.html,108,html,25c9f955,d25molina,2025-10-24,21:12:25,-07:00,2025-10-24T21:12:25-07:00,4,14
projects\project2\project2_report.html,109,html,25c9f955,d25molina,2025-10-24,21:12:25,-07:00,2025-10-24T21:12:25-07:00,4,20
projects\project2\project2_report.html,110,html,25c9f955,d25molina,2025-10-24,21:12:25,-07:00,2025-10-24T21:12:25-07:00,4,40
projects\project2\project2_report.html,111,html,25c9f955,d25molina,2025-10-24,21:12:25,-07:00,2025-10-24T21:12:25-07:00,4,48
projects\project2\project2_report.html,112,html,25c9f955,d25molina,2025-10-24,21:12:25,-07:00,2025-10-24T21:12:25-07:00,4,17
projects\project2\project2_report.html,113,html,25c9f955,d25molina,2025-10-24,21:12:25,-07:00,2025-10-24T21:12:25-07:00,4,16
projects\project2\project2_report.html,114,html,25c9f955,d25molina,2025-10-24,21:12:25,-07:00,2025-10-24T21:12:25-07:00,4,3
projects\project2\project2_report.html,115,html,25c9f955,d25molina,2025-10-24,21:12:25,-07:00,2025-10-24T21:12:25-07:00,5,14
projects\project2\project2_report.html,116,html,25c9f955,d25molina,2025-10-24,21:12:25,-07:00,2025-10-24T21:12:25-07:00,5,11
projects\project2\project2_report.html,117,html,25c9f955,d25molina,2025-10-24,21:12:25,-07:00,2025-10-24T21:12:25-07:00,4,0
projects\project2\project2_report.html,118,html,25c9f955,d25molina,2025-10-24,21:12:25,-07:00,2025-10-24T21:12:25-07:00,0,0
projects\project2\project2_report.html,119,html,25c9f955,d25molina,2025-10-24,21:12:25,-07:00,2025-10-24T21:12:25-07:00,4,12
projects\project2\project2_report.html,120,html,25c9f955,d25molina,2025-10-24,21:12:25,-07:00,2025-10-24T21:12:25-07:00,5,29
projects\project2\project2_report.html,121,html,25c9f955,d25molina,2025-10-24,21:12:25,-07:00,2025-10-24T21:12:25-07:00,5,34
projects\project2\project2_report.html,122,html,25c9f955,d25molina,2025-10-24,21:12:25,-07:00,2025-10-24T21:12:25-07:00,5,14
projects\project2\project2_report.html,123,html,25c9f955,d25molina,2025-10-24,21:12:25,-07:00,2025-10-24T21:12:25-07:00,5,14
projects\project2\project2_report.html,124,html,25c9f955,d25molina,2025-10-24,21:12:25,-07:00,2025-10-24T21:12:25-07:00,5,17
projects\project2\project2_report.html,125,html,25c9f955,d25molina,2025-10-24,21:12:25,-07:00,2025-10-24T21:12:25-07:00,5,24
projects\project2\project2_report.html,126,html,25c9f955,d25molina,2025-10-24,21:12:25,-07:00,2025-10-24T21:12:25-07:00,5,15
projects\project2\project2_report.html,127,html,25c9f955,d25molina,2025-10-24,21:12:25,-07:00,2025-10-24T21:12:25-07:00,0,0
projects\project2\project2_report.html,128,html,25c9f955,d25molina,2025-10-24,21:12:25,-07:00,2025-10-24T21:12:25-07:00,5,9
projects\project2\project2_report.html,129,html,25c9f955,d25molina,2025-10-24,21:12:25,-07:00,2025-10-24T21:12:25-07:00,6,38
projects\project2\project2_report.html,130,html,25c9f955,d25molina,2025-10-24,21:12:25,-07:00,2025-10-24T21:12:25-07:00,6,16
projects\project2\project2_report.html,131,html,25c9f955,d25molina,2025-10-24,21:12:25,-07:00,2025-10-24T21:12:25-07:00,6,29
projects\project2\project2_report.html,132,html,25c9f955,d25molina,2025-10-24,21:12:25,-07:00,2025-10-24T21:12:25-07:00,5,0
projects\project2\project2_report.html,133,html,25c9f955,d25molina,2025-10-24,21:12:25,-07:00,2025-10-24T21:12:25-07:00,0,0
projects\project2\project2_report.html,134,html,25c9f955,d25molina,2025-10-24,21:12:25,-07:00,2025-10-24T21:12:25-07:00,5,30
projects\project2\project2_report.html,135,html,25c9f955,d25molina,2025-10-24,21:12:25,-07:00,2025-10-24T21:12:25-07:00,6,13
projects\project2\project2_report.html,136,html,25c9f955,d25molina,2025-10-24,21:12:25,-07:00,2025-10-24T21:12:25-07:00,6,25
projects\project2\project2_report.html,137,html,25c9f955,d25molina,2025-10-24,21:12:25,-07:00,2025-10-24T21:12:25-07:00,6,31
projects\project2\project2_report.html,138,html,25c9f955,d25molina,2025-10-24,21:12:25,-07:00,2025-10-24T21:12:25-07:00,7,5
projects\project2\project2_report.html,139,html,25c9f955,d25molina,2025-10-24,21:12:25,-07:00,2025-10-24T21:12:25-07:00,7,11
projects\project2\project2_report.html,140,html,25c9f955,d25molina,2025-10-24,21:12:25,-07:00,2025-10-24T21:12:25-07:00,7,13
projects\project2\project2_report.html,141,html,25c9f955,d25molina,2025-10-24,21:12:25,-07:00,2025-10-24T21:12:25-07:00,6,0
projects\project2\project2_report.html,142,html,25c9f955,d25molina,2025-10-24,21:12:25,-07:00,2025-10-24T21:12:25-07:00,5,0
projects\project2\project2_report.html,143,html,25c9f955,d25molina,2025-10-24,21:12:25,-07:00,2025-10-24T21:12:25-07:00,4,0
projects\project2\project2_report.html,144,html,25c9f955,d25molina,2025-10-24,21:12:25,-07:00,2025-10-24T21:12:25-07:00,3,0
projects\project2\project2_report.html,145,html,25c9f955,d25molina,2025-10-24,21:12:25,-07:00,2025-10-24T21:12:25-07:00,2,6
projects\project2\project2_report.html,146,html,25c9f955,d25molina,2025-10-24,21:12:25,-07:00,2025-10-24T21:12:25-07:00,1,5
projects\project2\project2_report.html,147,html,25c9f955,d25molina,2025-10-24,21:12:25,-07:00,2025-10-24T21:12:25-07:00,0,0
projects\project2\project2_report.html,148,html,25c9f955,d25molina,2025-10-24,21:12:25,-07:00,2025-10-24T21:12:25-07:00,1,4
projects\project2\project2_report.html,149,html,25c9f955,d25molina,2025-10-24,21:12:25,-07:00,2025-10-24T21:12:25-07:00,2,6
projects\project2\project2_report.html,150,html,25c9f955,d25molina,2025-10-24,21:12:25,-07:00,2025-10-24T21:12:25-07:00,3,2
projects\project2\project2_report.html,151,html,25c9f955,d25molina,2025-10-24,21:12:25,-07:00,2025-10-24T21:12:25-07:00,4,22
projects\project2\project2_report.html,152,html,25c9f955,d25molina,2025-10-24,21:12:25,-07:00,2025-10-24T21:12:25-07:00,4,36
projects\project2\project2_report.html,153,html,25c9f955,d25molina,2025-10-24,21:12:25,-07:00,2025-10-24T21:12:25-07:00,3,3
projects\project2\project2_report.html,154,html,25c9f955,d25molina,2025-10-24,21:12:25,-07:00,2025-10-24T21:12:25-07:00,0,0
projects\project2\project2_report.html,155,html,25c9f955,d25molina,2025-10-24,21:12:25,-07:00,2025-10-24T21:12:25-07:00,3,63
projects\project2\project2_report.html,156,html,25c9f955,d25molina,2025-10-24,21:12:25,-07:00,2025-10-24T21:12:25-07:00,2,7
projects\project2\project2_report.html,157,html,25c9f955,d25molina,2025-10-24,21:12:25,-07:00,2025-10-24T21:12:25-07:00,0,0
projects\project2\project2_report.html,158,html,25c9f955,d25molina,2025-10-24,21:12:25,-07:00,2025-10-24T21:12:25-07:00,2,4
projects\project2\project2_report.html,159,html,25c9f955,d25molina,2025-10-24,21:12:25,-07:00,2025-10-24T21:12:25-07:00,3,131
projects\project2\project2_report.html,160,html,25c9f955,d25molina,2025-10-24,21:12:25,-07:00,2025-10-24T21:12:25-07:00,0,0
projects\project2\project2_report.html,161,html,25c9f955,d25molina,2025-10-24,21:12:25,-07:00,2025-10-24T21:12:25-07:00,3,7
projects\project2\project2_report.html,162,html,25c9f955,d25molina,2025-10-24,21:12:25,-07:00,2025-10-24T21:12:25-07:00,4,26
projects\project2\project2_report.html,163,html,25c9f955,d25molina,2025-10-24,21:12:25,-07:00,2025-10-24T21:12:25-07:00,0,0
projects\project2\project2_report.html,164,html,25c9f955,d25molina,2025-10-24,21:12:25,-07:00,2025-10-24T21:12:25-07:00,4,6
projects\project2\project2_report.html,165,html,4a9940d4,d25molina,2025-10-24,21:38:14,-07:00,2025-10-24T21:38:14-07:00,5,78
projects\project2\project2_report.html,166,html,25c9f955,d25molina,2025-10-24,21:12:25,-07:00,2025-10-24T21:12:25-07:00,5,134
projects\project2\project2_report.html,167,html,25c9f955,d25molina,2025-10-24,21:12:25,-07:00,2025-10-24T21:12:25-07:00,4,7
projects\project2\project2_report.html,168,html,25c9f955,d25molina,2025-10-24,21:12:25,-07:00,2025-10-24T21:12:25-07:00,0,0
projects\project2\project2_report.html,169,html,25c9f955,d25molina,2025-10-24,21:12:25,-07:00,2025-10-24T21:12:25-07:00,4,36
projects\project2\project2_report.html,170,html,25c9f955,d25molina,2025-10-24,21:12:25,-07:00,2025-10-24T21:12:25-07:00,0,0
projects\project2\project2_report.html,171,html,25c9f955,d25molina,2025-10-24,21:12:25,-07:00,2025-10-24T21:12:25-07:00,4,2
projects\project2\project2_report.html,172,html,25c9f955,d25molina,2025-10-24,21:12:25,-07:00,2025-10-24T21:12:25-07:00,5,550
projects\project2\project2_report.html,173,html,25c9f955,d25molina,2025-10-24,21:12:25,-07:00,2025-10-24T21:12:25-07:00,5,709
projects\project2\project2_report.html,174,html,25c9f955,d25molina,2025-10-24,21:12:25,-07:00,2025-10-24T21:12:25-07:00,5,799
projects\project2\project2_report.html,175,html,25c9f955,d25molina,2025-10-24,21:12:25,-07:00,2025-10-24T21:12:25-07:00,4,3
projects\project2\project2_report.html,176,html,25c9f955,d25molina,2025-10-24,21:12:25,-07:00,2025-10-24T21:12:25-07:00,3,8
projects\project2\project2_report.html,177,html,25c9f955,d25molina,2025-10-24,21:12:25,-07:00,2025-10-24T21:12:25-07:00,0,0
projects\project2\project2_report.html,178,html,25c9f955,d25molina,2025-10-24,21:12:25,-07:00,2025-10-24T21:12:25-07:00,3,7
projects\project2\project2_report.html,179,html,25c9f955,d25molina,2025-10-24,21:12:25,-07:00,2025-10-24T21:12:25-07:00,4,30
projects\project2\project2_report.html,180,html,25c9f955,d25molina,2025-10-24,21:12:25,-07:00,2025-10-24T21:12:25-07:00,0,0
projects\project2\project2_report.html,181,html,25c9f955,d25molina,2025-10-24,21:12:25,-07:00,2025-10-24T21:12:25-07:00,4,6
projects\project2\project2_report.html,182,html,4a9940d4,d25molina,2025-10-24,21:38:14,-07:00,2025-10-24T21:38:14-07:00,5,76
projects\project2\project2_report.html,183,html,25c9f955,d25molina,2025-10-24,21:12:25,-07:00,2025-10-24T21:12:25-07:00,5,165
projects\project2\project2_report.html,184,html,25c9f955,d25molina,2025-10-24,21:12:25,-07:00,2025-10-24T21:12:25-07:00,4,7
projects\project2\project2_report.html,185,html,25c9f955,d25molina,2025-10-24,21:12:25,-07:00,2025-10-24T21:12:25-07:00,0,0
projects\project2\project2_report.html,186,html,25c9f955,d25molina,2025-10-24,21:12:25,-07:00,2025-10-24T21:12:25-07:00,4,36
projects\project2\project2_report.html,187,html,25c9f955,d25molina,2025-10-24,21:12:25,-07:00,2025-10-24T21:12:25-07:00,0,0
projects\project2\project2_report.html,188,html,25c9f955,d25molina,2025-10-24,21:12:25,-07:00,2025-10-24T21:12:25-07:00,4,2
projects\project2\project2_report.html,189,html,25c9f955,d25molina,2025-10-24,21:12:25,-07:00,2025-10-24T21:12:25-07:00,5,891
projects\project2\project2_report.html,190,html,25c9f955,d25molina,2025-10-24,21:12:25,-07:00,2025-10-24T21:12:25-07:00,5,787
projects\project2\project2_report.html,191,html,25c9f955,d25molina,2025-10-24,21:12:25,-07:00,2025-10-24T21:12:25-07:00,5,642
projects\project2\project2_report.html,192,html,25c9f955,d25molina,2025-10-24,21:12:25,-07:00,2025-10-24T21:12:25-07:00,4,3
projects\project2\project2_report.html,193,html,25c9f955,d25molina,2025-10-24,21:12:25,-07:00,2025-10-24T21:12:25-07:00,3,8
projects\project2\project2_report.html,194,html,25c9f955,d25molina,2025-10-24,21:12:25,-07:00,2025-10-24T21:12:25-07:00,0,0
projects\project2\project2_report.html,195,html,25c9f955,d25molina,2025-10-24,21:12:25,-07:00,2025-10-24T21:12:25-07:00,3,7
projects\project2\project2_report.html,196,html,25c9f955,d25molina,2025-10-24,21:12:25,-07:00,2025-10-24T21:12:25-07:00,4,23
projects\project2\project2_report.html,197,html,25c9f955,d25molina,2025-10-24,21:12:25,-07:00,2025-10-24T21:12:25-07:00,0,0
projects\project2\project2_report.html,198,html,25c9f955,d25molina,2025-10-24,21:12:25,-07:00,2025-10-24T21:12:25-07:00,4,614
projects\project2\project2_report.html,199,html,25c9f955,d25molina,2025-10-24,21:12:25,-07:00,2025-10-24T21:12:25-07:00,4,1328
projects\project2\project2_report.html,200,html,25c9f955,d25molina,2025-10-24,21:12:25,-07:00,2025-10-24T21:12:25-07:00,4,1131
projects\project2\project2_report.html,201,html,25c9f955,d25molina,2025-10-24,21:12:25,-07:00,2025-10-24T21:12:25-07:00,3,8
projects\project2\project2_report.html,202,html,25c9f955,d25molina,2025-10-24,21:12:25,-07:00,2025-10-24T21:12:25-07:00,2,5
projects\project2\project2_report.html,203,html,25c9f955,d25molina,2025-10-24,21:12:25,-07:00,2025-10-24T21:12:25-07:00,1,5
projects\project2\project2_report.html,204,html,25c9f955,d25molina,2025-10-24,21:12:25,-07:00,2025-10-24T21:12:25-07:00,0,5
contact\index.html,1,html,dcd11d42,d25molina,2025-10-02,15:42:05,-07:00,2025-10-02T15:42:05-07:00,0,13
contact\index.html,2,html,dcd11d42,d25molina,2025-10-02,15:42:05,-07:00,2025-10-02T15:42:05-07:00,0,14
contact\index.html,3,html,dcd11d42,d25molina,2025-10-02,15:42:05,-07:00,2025-10-02T15:42:05-07:00,0,4
contact\index.html,4,html,dcd11d42,d25molina,2025-10-02,15:42:05,-07:00,2025-10-02T15:42:05-07:00,2,20
contact\index.html,5,html,dcd11d42,d25molina,2025-10-02,15:42:05,-07:00,2025-10-02T15:42:05-07:00,2,68
contact\index.html,6,html,dcd11d42,d25molina,2025-10-02,15:42:05,-07:00,2025-10-02T15:42:05-07:00,2,25
contact\index.html,7,html,e8047bba,d25molina,2025-10-08,22:58:30,-07:00,2025-10-08T22:58:30-07:00,2,43
contact\index.html,8,html,e8047bba,d25molina,2025-10-08,22:58:30,-07:00,2025-10-08T22:58:30-07:00,0,5
contact\index.html,9,html,dcd11d42,d25molina,2025-10-02,15:42:05,-07:00,2025-10-02T15:42:05-07:00,0,4
contact\index.html,10,html,e8047bba,d25molina,2025-10-08,22:58:30,-07:00,2025-10-08T22:58:30-07:00,0,17
contact\index.html,11,html,fa67f858,d25molina,2025-10-02,20:58:36,-07:00,2025-10-02T20:58:36-07:00,0,73
contact\index.html,12,html,4172f887,d25molina,2025-10-02,22:17:55,-07:00,2025-10-02T22:17:55-07:00,2,16
contact\index.html,13,html,fa67f858,d25molina,2025-10-02,20:58:36,-07:00,2025-10-02T20:58:36-07:00,2,32
contact\index.html,14,html,fa67f858,d25molina,2025-10-02,20:58:36,-07:00,2025-10-02T20:58:36-07:00,2,53
contact\index.html,15,html,fa67f858,d25molina,2025-10-02,20:58:36,-07:00,2025-10-02T20:58:36-07:00,1,4
contact\index.html,16,html,4172f887,d25molina,2025-10-02,22:17:55,-07:00,2025-10-02T22:17:55-07:00,1,16
contact\index.html,17,html,fa67f858,d25molina,2025-10-02,20:58:36,-07:00,2025-10-02T20:58:36-07:00,2,36
contact\index.html,18,html,fa67f858,d25molina,2025-10-02,20:58:36,-07:00,2025-10-02T20:58:36-07:00,2,56
contact\index.html,19,html,fa67f858,d25molina,2025-10-02,20:58:36,-07:00,2025-10-02T20:58:36-07:00,1,4
contact\index.html,20,html,fa67f858,d25molina,2025-10-02,20:58:36,-07:00,2025-10-02T20:58:36-07:00,1,29
contact\index.html,21,html,e8047bba,d25molina,2025-10-08,22:58:30,-07:00,2025-10-08T22:58:30-07:00,0,49
contact\index.html,22,html,fa67f858,d25molina,2025-10-02,20:58:36,-07:00,2025-10-02T20:58:36-07:00,0,9
contact\index.html,23,html,fa67f858,d25molina,2025-10-02,20:58:36,-07:00,2025-10-02T20:58:36-07:00,0,35
contact\index.html,24,html,d7323b37,d25molina,2025-10-15,15:16:38,-07:00,2025-10-15T15:16:38-07:00,0,5
contact\index.html,25,html,9249d52f,d25molina,2025-10-15,15:35:48,-07:00,2025-10-15T15:35:48-07:00,0,54
contact\index.html,26,html,dcd11d42,d25molina,2025-10-02,15:42:05,-07:00,2025-10-02T15:42:05-07:00,0,5
contact\index.html,27,html,dcd11d42,d25molina,2025-10-02,15:42:05,-07:00,2025-10-02T15:42:05-07:00,0,5
